contrast;language;condition;file1;file2;distance
('a', 'a~');('fr', 'fr');same;fr_fr1_f_005;fr_fr2_f_005;2.0217924736207378
('a', 'a~');('fr', 'fr');same;fr_fr1_f_005;fr_fr2_r_006;2.167578810046383
('a', 'a~');('fr', 'fr');same;fr_fr1_f_005;fr_fr3_f_005;2.140600482626434
('a', 'a~');('fr', 'fr');same;fr_fr1_f_005;fr_fr3_r_006;2.115079891394565
('a', 'a~');('fr', 'fr');same;fr_fr1_f_005;fr_fr4_f_005;1.7526147658152866
('a', 'a~');('fr', 'fr');same;fr_fr1_f_005;fr_fr4_r_006;1.8490304252173182
('a', 'a~');('fr', 'fr');same;fr_fr1_f_005;fr_fr5_f_005;1.4044955015445975
('a', 'a~');('fr', 'fr');same;fr_fr1_f_005;fr_fr5_r_006;1.2418060280145509
('a', 'a~');('fr', 'fr');same;fr_fr1_f_005;fr_fr6_f_005;1.3340092604126244
('a', 'a~');('fr', 'fr');same;fr_fr1_f_005;fr_fr6_r_006;1.4375013912481727
('a', 'a~');('fr', 'fr');same;fr_fr1_f_005;fr_fr7_f_005;1.7765974947600536
('a', 'a~');('fr', 'fr');same;fr_fr1_f_005;fr_fr7_r_006;1.8329280295061658
('a', 'a~');('fr', 'fr');same;fr_fr1_r_006;fr_fr2_f_005;2.014075991256081
('a', 'a~');('fr', 'fr');same;fr_fr1_r_006;fr_fr2_r_006;2.0964030928563018
('a', 'a~');('fr', 'fr');same;fr_fr1_r_006;fr_fr3_f_005;2.147886720582791
('a', 'a~');('fr', 'fr');same;fr_fr1_r_006;fr_fr3_r_006;2.039503273424541
('a', 'a~');('fr', 'fr');same;fr_fr1_r_006;fr_fr4_f_005;1.6129804566454051
('a', 'a~');('fr', 'fr');same;fr_fr1_r_006;fr_fr4_r_006;1.7506859206130208
('a', 'a~');('fr', 'fr');same;fr_fr1_r_006;fr_fr5_f_005;1.4498285512202866
('a', 'a~');('fr', 'fr');same;fr_fr1_r_006;fr_fr5_r_006;1.3097689323222408
('a', 'a~');('fr', 'fr');same;fr_fr1_r_006;fr_fr6_f_005;1.4392115257421976
('a', 'a~');('fr', 'fr');same;fr_fr1_r_006;fr_fr6_r_006;1.4436864728427348
('a', 'a~');('fr', 'fr');same;fr_fr1_r_006;fr_fr7_f_005;1.7405505056678834
('a', 'a~');('fr', 'fr');same;fr_fr1_r_006;fr_fr7_r_006;1.7801373623751
('a', 'a~');('fr', 'fr');same;fr_fr2_f_005;fr_fr3_f_005;3.4761841353529914
('a', 'a~');('fr', 'fr');same;fr_fr2_f_005;fr_fr3_r_006;3.4498096166947247
('a', 'a~');('fr', 'fr');same;fr_fr2_f_005;fr_fr4_f_005;1.4038393161584435
('a', 'a~');('fr', 'fr');same;fr_fr2_f_005;fr_fr4_r_006;1.379758840614433
('a', 'a~');('fr', 'fr');same;fr_fr2_f_005;fr_fr5_f_005;2.7278524790741545
('a', 'a~');('fr', 'fr');same;fr_fr2_f_005;fr_fr5_r_006;2.6421152568069424
('a', 'a~');('fr', 'fr');same;fr_fr2_f_005;fr_fr6_f_005;1.9833646147615598
('a', 'a~');('fr', 'fr');same;fr_fr2_f_005;fr_fr6_r_006;1.8849895663183798
('a', 'a~');('fr', 'fr');same;fr_fr2_f_005;fr_fr7_f_005;1.5534814266441872
('a', 'a~');('fr', 'fr');same;fr_fr2_f_005;fr_fr7_r_006;1.5564807470268445
('a', 'a~');('fr', 'fr');same;fr_fr2_r_006;fr_fr3_f_005;4.006978847996798
('a', 'a~');('fr', 'fr');same;fr_fr2_r_006;fr_fr3_r_006;3.8812692787565135
('a', 'a~');('fr', 'fr');same;fr_fr2_r_006;fr_fr4_f_005;1.4689588573668058
('a', 'a~');('fr', 'fr');same;fr_fr2_r_006;fr_fr4_r_006;1.374131583117712
('a', 'a~');('fr', 'fr');same;fr_fr2_r_006;fr_fr5_f_005;2.8573207155260216
('a', 'a~');('fr', 'fr');same;fr_fr2_r_006;fr_fr5_r_006;2.741490140906863
('a', 'a~');('fr', 'fr');same;fr_fr2_r_006;fr_fr6_f_005;2.0896881563435667
('a', 'a~');('fr', 'fr');same;fr_fr2_r_006;fr_fr6_r_006;1.931793668793238
('a', 'a~');('fr', 'fr');same;fr_fr2_r_006;fr_fr7_f_005;1.5859023848452973
('a', 'a~');('fr', 'fr');same;fr_fr2_r_006;fr_fr7_r_006;1.5533562061794441
('a', 'a~');('fr', 'fr');same;fr_fr3_f_005;fr_fr4_f_005;2.8255879549303247
('a', 'a~');('fr', 'fr');same;fr_fr3_f_005;fr_fr4_r_006;2.8736000728474
('a', 'a~');('fr', 'fr');same;fr_fr3_f_005;fr_fr5_f_005;1.7179076004586507
('a', 'a~');('fr', 'fr');same;fr_fr3_f_005;fr_fr5_r_006;1.6454833486402762
('a', 'a~');('fr', 'fr');same;fr_fr3_f_005;fr_fr6_f_005;2.0462846815515516
('a', 'a~');('fr', 'fr');same;fr_fr3_f_005;fr_fr6_r_006;2.0100020171569657
('a', 'a~');('fr', 'fr');same;fr_fr3_f_005;fr_fr7_f_005;2.3774387309405247
('a', 'a~');('fr', 'fr');same;fr_fr3_f_005;fr_fr7_r_006;2.3423307765042267
('a', 'a~');('fr', 'fr');same;fr_fr3_r_006;fr_fr4_f_005;2.743920030152659
('a', 'a~');('fr', 'fr');same;fr_fr3_r_006;fr_fr4_r_006;2.6799928632831898
('a', 'a~');('fr', 'fr');same;fr_fr3_r_006;fr_fr5_f_005;1.7260234981823088
('a', 'a~');('fr', 'fr');same;fr_fr3_r_006;fr_fr5_r_006;1.6087023814216281
('a', 'a~');('fr', 'fr');same;fr_fr3_r_006;fr_fr6_f_005;1.9435938567300095
('a', 'a~');('fr', 'fr');same;fr_fr3_r_006;fr_fr6_r_006;1.9323070491233256
('a', 'a~');('fr', 'fr');same;fr_fr3_r_006;fr_fr7_f_005;2.104852819712012
('a', 'a~');('fr', 'fr');same;fr_fr3_r_006;fr_fr7_r_006;2.032403250072753
('a', 'a~');('fr', 'fr');same;fr_fr4_f_005;fr_fr5_f_005;2.401584219446265
('a', 'a~');('fr', 'fr');same;fr_fr4_f_005;fr_fr5_r_006;2.219622407080011
('a', 'a~');('fr', 'fr');same;fr_fr4_f_005;fr_fr6_f_005;2.2474667676450855
('a', 'a~');('fr', 'fr');same;fr_fr4_f_005;fr_fr6_r_006;2.123394176264225
('a', 'a~');('fr', 'fr');same;fr_fr4_f_005;fr_fr7_f_005;1.8955262384526366
('a', 'a~');('fr', 'fr');same;fr_fr4_f_005;fr_fr7_r_006;1.8177952577758154
('a', 'a~');('fr', 'fr');same;fr_fr4_r_006;fr_fr5_f_005;2.360991022468653
('a', 'a~');('fr', 'fr');same;fr_fr4_r_006;fr_fr5_r_006;2.1593158557329346
('a', 'a~');('fr', 'fr');same;fr_fr4_r_006;fr_fr6_f_005;2.386769232830913
('a', 'a~');('fr', 'fr');same;fr_fr4_r_006;fr_fr6_r_006;2.2012661436157193
('a', 'a~');('fr', 'fr');same;fr_fr4_r_006;fr_fr7_f_005;1.842402632342227
('a', 'a~');('fr', 'fr');same;fr_fr4_r_006;fr_fr7_r_006;1.7875695191691618
('a', 'a~');('fr', 'fr');same;fr_fr5_f_005;fr_fr6_f_005;1.049986959354217
('a', 'a~');('fr', 'fr');same;fr_fr5_f_005;fr_fr6_r_006;1.0649118352899527
('a', 'a~');('fr', 'fr');same;fr_fr5_f_005;fr_fr7_f_005;1.8279418841701438
('a', 'a~');('fr', 'fr');same;fr_fr5_f_005;fr_fr7_r_006;1.8730449991037834
('a', 'a~');('fr', 'fr');same;fr_fr5_r_006;fr_fr6_f_005;1.1376201150766452
('a', 'a~');('fr', 'fr');same;fr_fr5_r_006;fr_fr6_r_006;1.1165817170768313
('a', 'a~');('fr', 'fr');same;fr_fr5_r_006;fr_fr7_f_005;1.6088904489758518
('a', 'a~');('fr', 'fr');same;fr_fr5_r_006;fr_fr7_r_006;1.7442958699318185
('a', 'a~');('fr', 'fr');same;fr_fr6_f_005;fr_fr7_f_005;1.3644674807370984
('a', 'a~');('fr', 'fr');same;fr_fr6_f_005;fr_fr7_r_006;1.4350014771901969
('a', 'a~');('fr', 'fr');same;fr_fr6_r_006;fr_fr7_f_005;1.290347661284981
('a', 'a~');('fr', 'fr');same;fr_fr6_r_006;fr_fr7_r_006;1.3423532499008721
('a', 'a~');('fr', 'fr');same;fr_fr1_f_007;fr_fr2_f_007;1.3724086380884502
('a', 'a~');('fr', 'fr');same;fr_fr1_f_007;fr_fr2_r_008;1.5011446910467172
('a', 'a~');('fr', 'fr');same;fr_fr1_f_007;fr_fr3_f_007;1.259711089722197
('a', 'a~');('fr', 'fr');same;fr_fr1_f_007;fr_fr3_r_008;1.2611209485563566
('a', 'a~');('fr', 'fr');same;fr_fr1_f_007;fr_fr4_f_007;0.9374083823066697
('a', 'a~');('fr', 'fr');same;fr_fr1_f_007;fr_fr4_r_008;0.965700083421233
('a', 'a~');('fr', 'fr');same;fr_fr1_f_007;fr_fr5_f_007;0.8018443920277988
('a', 'a~');('fr', 'fr');same;fr_fr1_f_007;fr_fr5_r_008;0.7150819983163033
('a', 'a~');('fr', 'fr');same;fr_fr1_f_007;fr_fr6_f_007;0.7125139099144108
('a', 'a~');('fr', 'fr');same;fr_fr1_f_007;fr_fr6_r_008;0.7112262435144815
('a', 'a~');('fr', 'fr');same;fr_fr1_f_007;fr_fr7_f_007;1.3349314641588266
('a', 'a~');('fr', 'fr');same;fr_fr1_f_007;fr_fr7_r_008;1.4142474550260742
('a', 'a~');('fr', 'fr');same;fr_fr1_r_008;fr_fr2_f_007;1.3275174001238081
('a', 'a~');('fr', 'fr');same;fr_fr1_r_008;fr_fr2_r_008;1.4523932074437895
('a', 'a~');('fr', 'fr');same;fr_fr1_r_008;fr_fr3_f_007;1.4090121683305088
('a', 'a~');('fr', 'fr');same;fr_fr1_r_008;fr_fr3_r_008;1.3194194247442728
('a', 'a~');('fr', 'fr');same;fr_fr1_r_008;fr_fr4_f_007;0.9600947240315697
('a', 'a~');('fr', 'fr');same;fr_fr1_r_008;fr_fr4_r_008;0.8889867802478865
('a', 'a~');('fr', 'fr');same;fr_fr1_r_008;fr_fr5_f_007;0.784048350104136
('a', 'a~');('fr', 'fr');same;fr_fr1_r_008;fr_fr5_r_008;0.7001984607650832
('a', 'a~');('fr', 'fr');same;fr_fr1_r_008;fr_fr6_f_007;0.7221082484795992
('a', 'a~');('fr', 'fr');same;fr_fr1_r_008;fr_fr6_r_008;0.6956017817726842
('a', 'a~');('fr', 'fr');same;fr_fr1_r_008;fr_fr7_f_007;1.3651629827538811
('a', 'a~');('fr', 'fr');same;fr_fr1_r_008;fr_fr7_r_008;1.4382752320308436
('a', 'a~');('fr', 'fr');same;fr_fr2_f_007;fr_fr3_f_007;2.4169419519060393
('a', 'a~');('fr', 'fr');same;fr_fr2_f_007;fr_fr3_r_008;2.3532148801929136
('a', 'a~');('fr', 'fr');same;fr_fr2_f_007;fr_fr4_f_007;0.9933699078681814
('a', 'a~');('fr', 'fr');same;fr_fr2_f_007;fr_fr4_r_008;0.9847443077930829
('a', 'a~');('fr', 'fr');same;fr_fr2_f_007;fr_fr5_f_007;1.3295421233017013
('a', 'a~');('fr', 'fr');same;fr_fr2_f_007;fr_fr5_r_008;1.2273477249156661
('a', 'a~');('fr', 'fr');same;fr_fr2_f_007;fr_fr6_f_007;1.1653678670157221
('a', 'a~');('fr', 'fr');same;fr_fr2_f_007;fr_fr6_r_008;1.2241405231153044
('a', 'a~');('fr', 'fr');same;fr_fr2_f_007;fr_fr7_f_007;1.2160467613363308
('a', 'a~');('fr', 'fr');same;fr_fr2_f_007;fr_fr7_r_008;1.2072848398610643
('a', 'a~');('fr', 'fr');same;fr_fr2_r_008;fr_fr3_f_007;2.6580730950467393
('a', 'a~');('fr', 'fr');same;fr_fr2_r_008;fr_fr3_r_008;2.647251633325755
('a', 'a~');('fr', 'fr');same;fr_fr2_r_008;fr_fr4_f_007;1.0548850407188697
('a', 'a~');('fr', 'fr');same;fr_fr2_r_008;fr_fr4_r_008;1.026453767040401
('a', 'a~');('fr', 'fr');same;fr_fr2_r_008;fr_fr5_f_007;1.5092889308094994
('a', 'a~');('fr', 'fr');same;fr_fr2_r_008;fr_fr5_r_008;1.3898047678889947
('a', 'a~');('fr', 'fr');same;fr_fr2_r_008;fr_fr6_f_007;1.2207578382438569
('a', 'a~');('fr', 'fr');same;fr_fr2_r_008;fr_fr6_r_008;1.2498166350493192
('a', 'a~');('fr', 'fr');same;fr_fr2_r_008;fr_fr7_f_007;1.1351499484964664
('a', 'a~');('fr', 'fr');same;fr_fr2_r_008;fr_fr7_r_008;1.1605019970147055
('a', 'a~');('fr', 'fr');same;fr_fr3_f_007;fr_fr4_f_007;2.1141832991453766
('a', 'a~');('fr', 'fr');same;fr_fr3_f_007;fr_fr4_r_008;2.1843306726280876
('a', 'a~');('fr', 'fr');same;fr_fr3_f_007;fr_fr5_f_007;1.2746026064233655
('a', 'a~');('fr', 'fr');same;fr_fr3_f_007;fr_fr5_r_008;1.2581810821864814
('a', 'a~');('fr', 'fr');same;fr_fr3_f_007;fr_fr6_f_007;1.594153172944019
('a', 'a~');('fr', 'fr');same;fr_fr3_f_007;fr_fr6_r_008;1.6064969390565775
('a', 'a~');('fr', 'fr');same;fr_fr3_f_007;fr_fr7_f_007;2.351939934801887
('a', 'a~');('fr', 'fr');same;fr_fr3_f_007;fr_fr7_r_008;2.442142209490284
('a', 'a~');('fr', 'fr');same;fr_fr3_r_008;fr_fr4_f_007;2.06929776912415
('a', 'a~');('fr', 'fr');same;fr_fr3_r_008;fr_fr4_r_008;2.061389217988655
('a', 'a~');('fr', 'fr');same;fr_fr3_r_008;fr_fr5_f_007;1.2141125665759467
('a', 'a~');('fr', 'fr');same;fr_fr3_r_008;fr_fr5_r_008;1.1396631346910062
('a', 'a~');('fr', 'fr');same;fr_fr3_r_008;fr_fr6_f_007;1.5353784314223569
('a', 'a~');('fr', 'fr');same;fr_fr3_r_008;fr_fr6_r_008;1.5311232433522783
('a', 'a~');('fr', 'fr');same;fr_fr3_r_008;fr_fr7_f_007;2.3076925255019396
('a', 'a~');('fr', 'fr');same;fr_fr3_r_008;fr_fr7_r_008;2.361909266237852
('a', 'a~');('fr', 'fr');same;fr_fr4_f_007;fr_fr5_f_007;1.1272790838073852
('a', 'a~');('fr', 'fr');same;fr_fr4_f_007;fr_fr5_r_008;0.9730902945273803
('a', 'a~');('fr', 'fr');same;fr_fr4_f_007;fr_fr6_f_007;1.0164823855501302
('a', 'a~');('fr', 'fr');same;fr_fr4_f_007;fr_fr6_r_008;1.0093723630260945
('a', 'a~');('fr', 'fr');same;fr_fr4_f_007;fr_fr7_f_007;1.4842526272999095
('a', 'a~');('fr', 'fr');same;fr_fr4_f_007;fr_fr7_r_008;1.4801719441660333
('a', 'a~');('fr', 'fr');same;fr_fr4_r_008;fr_fr5_f_007;1.2527992523034852
('a', 'a~');('fr', 'fr');same;fr_fr4_r_008;fr_fr5_r_008;1.0354137629781586
('a', 'a~');('fr', 'fr');same;fr_fr4_r_008;fr_fr6_f_007;1.0181174778097237
('a', 'a~');('fr', 'fr');same;fr_fr4_r_008;fr_fr6_r_008;0.9813121943726701
('a', 'a~');('fr', 'fr');same;fr_fr4_r_008;fr_fr7_f_007;1.3437622724597422
('a', 'a~');('fr', 'fr');same;fr_fr4_r_008;fr_fr7_r_008;1.3524441992894205
('a', 'a~');('fr', 'fr');same;fr_fr5_f_007;fr_fr6_f_007;0.9657426165953543
('a', 'a~');('fr', 'fr');same;fr_fr5_f_007;fr_fr6_r_008;0.9748480112255585
('a', 'a~');('fr', 'fr');same;fr_fr5_f_007;fr_fr7_f_007;1.6453333712439475
('a', 'a~');('fr', 'fr');same;fr_fr5_f_007;fr_fr7_r_008;1.7152241616787363
('a', 'a~');('fr', 'fr');same;fr_fr5_r_008;fr_fr6_f_007;0.8770581728052208
('a', 'a~');('fr', 'fr');same;fr_fr5_r_008;fr_fr6_r_008;0.8677593598700446
('a', 'a~');('fr', 'fr');same;fr_fr5_r_008;fr_fr7_f_007;1.6053395393489822
('a', 'a~');('fr', 'fr');same;fr_fr5_r_008;fr_fr7_r_008;1.6386374009546967
('a', 'a~');('fr', 'fr');same;fr_fr6_f_007;fr_fr7_f_007;1.008523684688687
('a', 'a~');('fr', 'fr');same;fr_fr6_f_007;fr_fr7_r_008;1.0478530248190117
('a', 'a~');('fr', 'fr');same;fr_fr6_r_008;fr_fr7_f_007;1.0376382767547252
('a', 'a~');('fr', 'fr');same;fr_fr6_r_008;fr_fr7_r_008;1.0786865230773952
('a', 'a~');('fr', 'fr');different;fr_fr1_f_005;fr_fr2_f_007;1.671824531967771
('a', 'a~');('fr', 'fr');different;fr_fr1_f_005;fr_fr2_r_008;1.6651058034258728
('a', 'a~');('fr', 'fr');different;fr_fr1_f_005;fr_fr3_f_007;2.4765019205044854
('a', 'a~');('fr', 'fr');different;fr_fr1_f_005;fr_fr3_r_008;2.346334361774229
('a', 'a~');('fr', 'fr');different;fr_fr1_f_005;fr_fr4_f_007;1.3963085301292728
('a', 'a~');('fr', 'fr');different;fr_fr1_f_005;fr_fr4_r_008;1.2910467833143873
('a', 'a~');('fr', 'fr');different;fr_fr1_f_005;fr_fr5_f_007;1.6876228940069145
('a', 'a~');('fr', 'fr');different;fr_fr1_f_005;fr_fr5_r_008;1.6301337655535875
('a', 'a~');('fr', 'fr');different;fr_fr1_f_005;fr_fr6_f_007;1.3563096083053585
('a', 'a~');('fr', 'fr');different;fr_fr1_f_005;fr_fr6_r_008;1.422947486244075
('a', 'a~');('fr', 'fr');different;fr_fr1_f_005;fr_fr7_f_007;1.7786459457606334
('a', 'a~');('fr', 'fr');different;fr_fr1_f_005;fr_fr7_r_008;1.8222631190425724
('a', 'a~');('fr', 'fr');different;fr_fr1_r_006;fr_fr2_f_007;1.5916704528176107
('a', 'a~');('fr', 'fr');different;fr_fr1_r_006;fr_fr2_r_008;1.573192241084334
('a', 'a~');('fr', 'fr');different;fr_fr1_r_006;fr_fr3_f_007;2.4631960856901958
('a', 'a~');('fr', 'fr');different;fr_fr1_r_006;fr_fr3_r_008;2.3069337882103977
('a', 'a~');('fr', 'fr');different;fr_fr1_r_006;fr_fr4_f_007;1.342981275989222
('a', 'a~');('fr', 'fr');different;fr_fr1_r_006;fr_fr4_r_008;1.2569162371173945
('a', 'a~');('fr', 'fr');different;fr_fr1_r_006;fr_fr5_f_007;1.5681431790605538
('a', 'a~');('fr', 'fr');different;fr_fr1_r_006;fr_fr5_r_008;1.547692863688542
('a', 'a~');('fr', 'fr');different;fr_fr1_r_006;fr_fr6_f_007;1.317520015246644
('a', 'a~');('fr', 'fr');different;fr_fr1_r_006;fr_fr6_r_008;1.3300613340719103
('a', 'a~');('fr', 'fr');different;fr_fr1_r_006;fr_fr7_f_007;1.7640453600367538
('a', 'a~');('fr', 'fr');different;fr_fr1_r_006;fr_fr7_r_008;1.7716165516286524
('a', 'a~');('fr', 'fr');different;fr_fr2_f_005;fr_fr1_f_007;2.5617266114861494
('a', 'a~');('fr', 'fr');different;fr_fr2_f_005;fr_fr1_r_008;2.629965574471799
('a', 'a~');('fr', 'fr');different;fr_fr2_f_005;fr_fr3_f_007;4.085356408735681
('a', 'a~');('fr', 'fr');different;fr_fr2_f_005;fr_fr3_r_008;4.07415674325106
('a', 'a~');('fr', 'fr');different;fr_fr2_f_005;fr_fr4_f_007;2.065692177768428
('a', 'a~');('fr', 'fr');different;fr_fr2_f_005;fr_fr4_r_008;2.088272270672761
('a', 'a~');('fr', 'fr');different;fr_fr2_f_005;fr_fr5_f_007;3.288733969620299
('a', 'a~');('fr', 'fr');different;fr_fr2_f_005;fr_fr5_r_008;3.3620928048104486
('a', 'a~');('fr', 'fr');different;fr_fr2_f_005;fr_fr6_f_007;2.3309159960449106
('a', 'a~');('fr', 'fr');different;fr_fr2_f_005;fr_fr6_r_008;2.3653796919335424
('a', 'a~');('fr', 'fr');different;fr_fr2_f_005;fr_fr7_f_007;1.9938711742669724
('a', 'a~');('fr', 'fr');different;fr_fr2_f_005;fr_fr7_r_008;1.9653574577324764
('a', 'a~');('fr', 'fr');different;fr_fr2_r_006;fr_fr1_f_007;2.7382727040607544
('a', 'a~');('fr', 'fr');different;fr_fr2_r_006;fr_fr1_r_008;2.731806064572851
('a', 'a~');('fr', 'fr');different;fr_fr2_r_006;fr_fr3_f_007;4.565936222344488
('a', 'a~');('fr', 'fr');different;fr_fr2_r_006;fr_fr3_r_008;4.431844871569241
('a', 'a~');('fr', 'fr');different;fr_fr2_r_006;fr_fr4_f_007;2.1510558449081625
('a', 'a~');('fr', 'fr');different;fr_fr2_r_006;fr_fr4_r_008;2.075248149370437
('a', 'a~');('fr', 'fr');different;fr_fr2_r_006;fr_fr5_f_007;3.3149336406145755
('a', 'a~');('fr', 'fr');different;fr_fr2_r_006;fr_fr5_r_008;3.339116555082769
('a', 'a~');('fr', 'fr');different;fr_fr2_r_006;fr_fr6_f_007;2.4626134709060983
('a', 'a~');('fr', 'fr');different;fr_fr2_r_006;fr_fr6_r_008;2.5106624803734197
('a', 'a~');('fr', 'fr');different;fr_fr2_r_006;fr_fr7_f_007;1.7813486480606242
('a', 'a~');('fr', 'fr');different;fr_fr2_r_006;fr_fr7_r_008;1.7896270787252448
('a', 'a~');('fr', 'fr');different;fr_fr3_f_005;fr_fr1_f_007;2.083576683853946
('a', 'a~');('fr', 'fr');different;fr_fr3_f_005;fr_fr1_r_008;2.133391848899802
('a', 'a~');('fr', 'fr');different;fr_fr3_f_005;fr_fr2_f_007;2.5965149681026034
('a', 'a~');('fr', 'fr');different;fr_fr3_f_005;fr_fr2_r_008;2.8527695443672383
('a', 'a~');('fr', 'fr');different;fr_fr3_f_005;fr_fr4_f_007;2.468823145194057
('a', 'a~');('fr', 'fr');different;fr_fr3_f_005;fr_fr4_r_008;2.5013675918632847
('a', 'a~');('fr', 'fr');different;fr_fr3_f_005;fr_fr5_f_007;2.2085027690528256
('a', 'a~');('fr', 'fr');different;fr_fr3_f_005;fr_fr5_r_008;2.1140925668423898
('a', 'a~');('fr', 'fr');different;fr_fr3_f_005;fr_fr6_f_007;2.2519482928220116
('a', 'a~');('fr', 'fr');different;fr_fr3_f_005;fr_fr6_r_008;2.289679757894105
('a', 'a~');('fr', 'fr');different;fr_fr3_f_005;fr_fr7_f_007;2.375251885406061
('a', 'a~');('fr', 'fr');different;fr_fr3_f_005;fr_fr7_r_008;2.374457003243085
('a', 'a~');('fr', 'fr');different;fr_fr3_r_006;fr_fr1_f_007;2.083330027851009
('a', 'a~');('fr', 'fr');different;fr_fr3_r_006;fr_fr1_r_008;2.139032558315756
('a', 'a~');('fr', 'fr');different;fr_fr3_r_006;fr_fr2_f_007;2.476809998142673
('a', 'a~');('fr', 'fr');different;fr_fr3_r_006;fr_fr2_r_008;2.6072777993717224
('a', 'a~');('fr', 'fr');different;fr_fr3_r_006;fr_fr4_f_007;2.372412179938293
('a', 'a~');('fr', 'fr');different;fr_fr3_r_006;fr_fr4_r_008;2.402352723016146
('a', 'a~');('fr', 'fr');different;fr_fr3_r_006;fr_fr5_f_007;2.104457852547001
('a', 'a~');('fr', 'fr');different;fr_fr3_r_006;fr_fr5_r_008;2.024725227157534
('a', 'a~');('fr', 'fr');different;fr_fr3_r_006;fr_fr6_f_007;2.2686080630081675
('a', 'a~');('fr', 'fr');different;fr_fr3_r_006;fr_fr6_r_008;2.235664680687481
('a', 'a~');('fr', 'fr');different;fr_fr3_r_006;fr_fr7_f_007;2.213821349197516
('a', 'a~');('fr', 'fr');different;fr_fr3_r_006;fr_fr7_r_008;2.136443443742868
('a', 'a~');('fr', 'fr');different;fr_fr4_f_005;fr_fr1_f_007;2.6573545290601763
('a', 'a~');('fr', 'fr');different;fr_fr4_f_005;fr_fr1_r_008;2.640434478332925
('a', 'a~');('fr', 'fr');different;fr_fr4_f_005;fr_fr2_f_007;1.8568900778187312
('a', 'a~');('fr', 'fr');different;fr_fr4_f_005;fr_fr2_r_008;1.8919042676898001
('a', 'a~');('fr', 'fr');different;fr_fr4_f_005;fr_fr3_f_007;3.6907027643832873
('a', 'a~');('fr', 'fr');different;fr_fr4_f_005;fr_fr3_r_008;3.732023913330511
('a', 'a~');('fr', 'fr');different;fr_fr4_f_005;fr_fr5_f_007;2.9528991365861463
('a', 'a~');('fr', 'fr');different;fr_fr4_f_005;fr_fr5_r_008;2.974145141963213
('a', 'a~');('fr', 'fr');different;fr_fr4_f_005;fr_fr6_f_007;2.470798827904929
('a', 'a~');('fr', 'fr');different;fr_fr4_f_005;fr_fr6_r_008;2.438292124907793
('a', 'a~');('fr', 'fr');different;fr_fr4_f_005;fr_fr7_f_007;2.0194537259271015
('a', 'a~');('fr', 'fr');different;fr_fr4_f_005;fr_fr7_r_008;2.033523608562447
('a', 'a~');('fr', 'fr');different;fr_fr4_r_006;fr_fr1_f_007;2.7095496604595484
('a', 'a~');('fr', 'fr');different;fr_fr4_r_006;fr_fr1_r_008;2.693925352659456
('a', 'a~');('fr', 'fr');different;fr_fr4_r_006;fr_fr2_f_007;1.7841022067872383
('a', 'a~');('fr', 'fr');different;fr_fr4_r_006;fr_fr2_r_008;1.7598703632290151
('a', 'a~');('fr', 'fr');different;fr_fr4_r_006;fr_fr3_f_007;3.873252487694225
('a', 'a~');('fr', 'fr');different;fr_fr4_r_006;fr_fr3_r_008;3.8363210544002984
('a', 'a~');('fr', 'fr');different;fr_fr4_r_006;fr_fr5_f_007;2.9220653699388137
('a', 'a~');('fr', 'fr');different;fr_fr4_r_006;fr_fr5_r_008;2.9146709593691265
('a', 'a~');('fr', 'fr');different;fr_fr4_r_006;fr_fr6_f_007;2.518897396770084
('a', 'a~');('fr', 'fr');different;fr_fr4_r_006;fr_fr6_r_008;2.4516428979347475
('a', 'a~');('fr', 'fr');different;fr_fr4_r_006;fr_fr7_f_007;1.960530116378388
('a', 'a~');('fr', 'fr');different;fr_fr4_r_006;fr_fr7_r_008;1.9360622092137092
('a', 'a~');('fr', 'fr');different;fr_fr5_f_005;fr_fr1_f_007;1.5310802554260585
('a', 'a~');('fr', 'fr');different;fr_fr5_f_005;fr_fr1_r_008;1.489422681457125
('a', 'a~');('fr', 'fr');different;fr_fr5_f_005;fr_fr2_f_007;1.3014397037748626
('a', 'a~');('fr', 'fr');different;fr_fr5_f_005;fr_fr2_r_008;1.5333817371199903
('a', 'a~');('fr', 'fr');different;fr_fr5_f_005;fr_fr3_f_007;1.5951248626455001
('a', 'a~');('fr', 'fr');different;fr_fr5_f_005;fr_fr3_r_008;1.6273440167622597
('a', 'a~');('fr', 'fr');different;fr_fr5_f_005;fr_fr4_f_007;1.2590176501630097
('a', 'a~');('fr', 'fr');different;fr_fr5_f_005;fr_fr4_r_008;1.3035057048452652
('a', 'a~');('fr', 'fr');different;fr_fr5_f_005;fr_fr6_f_007;1.4759820970009085
('a', 'a~');('fr', 'fr');different;fr_fr5_f_005;fr_fr6_r_008;1.5122834978083497
('a', 'a~');('fr', 'fr');different;fr_fr5_f_005;fr_fr7_f_007;1.919923124541095
('a', 'a~');('fr', 'fr');different;fr_fr5_f_005;fr_fr7_r_008;1.9465571082390625
('a', 'a~');('fr', 'fr');different;fr_fr5_r_006;fr_fr1_f_007;1.4566813795054785
('a', 'a~');('fr', 'fr');different;fr_fr5_r_006;fr_fr1_r_008;1.408356244442804
('a', 'a~');('fr', 'fr');different;fr_fr5_r_006;fr_fr2_f_007;1.258110134087182
('a', 'a~');('fr', 'fr');different;fr_fr5_r_006;fr_fr2_r_008;1.442432370524681
('a', 'a~');('fr', 'fr');different;fr_fr5_r_006;fr_fr3_f_007;1.910766288180411
('a', 'a~');('fr', 'fr');different;fr_fr5_r_006;fr_fr3_r_008;1.7774253114155705
('a', 'a~');('fr', 'fr');different;fr_fr5_r_006;fr_fr4_f_007;1.2177847441641267
('a', 'a~');('fr', 'fr');different;fr_fr5_r_006;fr_fr4_r_008;1.1727294974619369
('a', 'a~');('fr', 'fr');different;fr_fr5_r_006;fr_fr6_f_007;1.352794539299203
('a', 'a~');('fr', 'fr');different;fr_fr5_r_006;fr_fr6_r_008;1.3846434234746283
('a', 'a~');('fr', 'fr');different;fr_fr5_r_006;fr_fr7_f_007;1.7981818923264712
('a', 'a~');('fr', 'fr');different;fr_fr5_r_006;fr_fr7_r_008;1.7402883439798846
('a', 'a~');('fr', 'fr');different;fr_fr6_f_005;fr_fr1_f_007;1.746485729498711
('a', 'a~');('fr', 'fr');different;fr_fr6_f_005;fr_fr1_r_008;1.764796971527336
('a', 'a~');('fr', 'fr');different;fr_fr6_f_005;fr_fr2_f_007;1.1552166214021962
('a', 'a~');('fr', 'fr');different;fr_fr6_f_005;fr_fr2_r_008;1.2042752649808912
('a', 'a~');('fr', 'fr');different;fr_fr6_f_005;fr_fr3_f_007;2.0443582211170495
('a', 'a~');('fr', 'fr');different;fr_fr6_f_005;fr_fr3_r_008;1.921318679767848
('a', 'a~');('fr', 'fr');different;fr_fr6_f_005;fr_fr4_f_007;1.479439213734349
('a', 'a~');('fr', 'fr');different;fr_fr6_f_005;fr_fr4_r_008;1.4543956103952438
('a', 'a~');('fr', 'fr');different;fr_fr6_f_005;fr_fr5_f_007;1.8430484523830255
('a', 'a~');('fr', 'fr');different;fr_fr6_f_005;fr_fr5_r_008;1.6119607576177948
('a', 'a~');('fr', 'fr');different;fr_fr6_f_005;fr_fr7_f_007;1.4887010012337347
('a', 'a~');('fr', 'fr');different;fr_fr6_f_005;fr_fr7_r_008;1.4340692157923933
('a', 'a~');('fr', 'fr');different;fr_fr6_r_006;fr_fr1_f_007;1.768256072110006
('a', 'a~');('fr', 'fr');different;fr_fr6_r_006;fr_fr1_r_008;1.7850392061763685
('a', 'a~');('fr', 'fr');different;fr_fr6_r_006;fr_fr2_f_007;1.1089491560488232
('a', 'a~');('fr', 'fr');different;fr_fr6_r_006;fr_fr2_r_008;1.1453282362113024
('a', 'a~');('fr', 'fr');different;fr_fr6_r_006;fr_fr3_f_007;2.037371839597603
('a', 'a~');('fr', 'fr');different;fr_fr6_r_006;fr_fr3_r_008;1.9242806155354075
('a', 'a~');('fr', 'fr');different;fr_fr6_r_006;fr_fr4_f_007;1.3838954197932032
('a', 'a~');('fr', 'fr');different;fr_fr6_r_006;fr_fr4_r_008;1.4535546242194641
('a', 'a~');('fr', 'fr');different;fr_fr6_r_006;fr_fr5_f_007;1.8320988718298556
('a', 'a~');('fr', 'fr');different;fr_fr6_r_006;fr_fr5_r_008;1.5871639893532026
('a', 'a~');('fr', 'fr');different;fr_fr6_r_006;fr_fr7_f_007;1.4494748100314494
('a', 'a~');('fr', 'fr');different;fr_fr6_r_006;fr_fr7_r_008;1.3783941696050335
('a', 'a~');('fr', 'fr');different;fr_fr7_f_005;fr_fr1_f_007;2.728845008677333
('a', 'a~');('fr', 'fr');different;fr_fr7_f_005;fr_fr1_r_008;2.666756592767338
('a', 'a~');('fr', 'fr');different;fr_fr7_f_005;fr_fr2_f_007;1.5708906040787725
('a', 'a~');('fr', 'fr');different;fr_fr7_f_005;fr_fr2_r_008;1.6006787330684558
('a', 'a~');('fr', 'fr');different;fr_fr7_f_005;fr_fr3_f_007;3.115924494431348
('a', 'a~');('fr', 'fr');different;fr_fr7_f_005;fr_fr3_r_008;3.017595165214531
('a', 'a~');('fr', 'fr');different;fr_fr7_f_005;fr_fr4_f_007;2.181546133379907
('a', 'a~');('fr', 'fr');different;fr_fr7_f_005;fr_fr4_r_008;2.170563958625905
('a', 'a~');('fr', 'fr');different;fr_fr7_f_005;fr_fr5_f_007;2.435080260181443
('a', 'a~');('fr', 'fr');different;fr_fr7_f_005;fr_fr5_r_008;2.2311104540333546
('a', 'a~');('fr', 'fr');different;fr_fr7_f_005;fr_fr6_f_007;2.3407591030102726
('a', 'a~');('fr', 'fr');different;fr_fr7_f_005;fr_fr6_r_008;2.3349182854759802
('a', 'a~');('fr', 'fr');different;fr_fr7_r_006;fr_fr1_f_007;2.7617073919925623
('a', 'a~');('fr', 'fr');different;fr_fr7_r_006;fr_fr1_r_008;2.7131998626581333
('a', 'a~');('fr', 'fr');different;fr_fr7_r_006;fr_fr2_f_007;1.6629102175669197
('a', 'a~');('fr', 'fr');different;fr_fr7_r_006;fr_fr2_r_008;1.622394807870426
('a', 'a~');('fr', 'fr');different;fr_fr7_r_006;fr_fr3_f_007;3.056068781529047
('a', 'a~');('fr', 'fr');different;fr_fr7_r_006;fr_fr3_r_008;2.910348070872121
('a', 'a~');('fr', 'fr');different;fr_fr7_r_006;fr_fr4_f_007;2.2296443431928696
('a', 'a~');('fr', 'fr');different;fr_fr7_r_006;fr_fr4_r_008;2.1321965864388774
('a', 'a~');('fr', 'fr');different;fr_fr7_r_006;fr_fr5_f_007;2.560254680815516
('a', 'a~');('fr', 'fr');different;fr_fr7_r_006;fr_fr5_r_008;2.313182100746127
('a', 'a~');('fr', 'fr');different;fr_fr7_r_006;fr_fr6_f_007;2.437055180413088
('a', 'a~');('fr', 'fr');different;fr_fr7_r_006;fr_fr6_r_008;2.4162237343764756
('a:', 'a');('jp', 'jp');same;jp_jp1_f_001;jp_jp2_f_001;2.407341452258864
('a:', 'a');('jp', 'jp');same;jp_jp1_f_001;jp_jp2_r_002;2.466455347073823
('a:', 'a');('jp', 'jp');same;jp_jp1_f_001;jp_jp3_f_001;3.7377039716313876
('a:', 'a');('jp', 'jp');same;jp_jp1_f_001;jp_jp3_r_002;3.839178962959282
('a:', 'a');('jp', 'jp');same;jp_jp1_r_002;jp_jp2_f_001;2.3540193053477725
('a:', 'a');('jp', 'jp');same;jp_jp1_r_002;jp_jp2_r_002;2.4606203358383327
('a:', 'a');('jp', 'jp');same;jp_jp1_r_002;jp_jp3_f_001;3.608401753206693
('a:', 'a');('jp', 'jp');same;jp_jp1_r_002;jp_jp3_r_002;3.711279638744015
('a:', 'a');('jp', 'jp');same;jp_jp2_f_001;jp_jp3_f_001;1.8995518797630835
('a:', 'a');('jp', 'jp');same;jp_jp2_f_001;jp_jp3_r_002;1.9890315753861416
('a:', 'a');('jp', 'jp');same;jp_jp2_r_002;jp_jp3_f_001;1.7343580444842084
('a:', 'a');('jp', 'jp');same;jp_jp2_r_002;jp_jp3_r_002;1.8234892747551321
('a:', 'a');('jp', 'jp');different;jp_jp2_f_007;jp_jp1_f_001;2.161046039526226
('a:', 'a');('jp', 'jp');different;jp_jp2_f_007;jp_jp1_r_002;2.1926398478461597
('a:', 'a');('jp', 'jp');different;jp_jp2_f_007;jp_jp3_f_001;2.0129937921412058
('a:', 'a');('jp', 'jp');different;jp_jp2_f_007;jp_jp3_r_002;2.1781061522581417
('a:', 'a');('jp', 'jp');different;jp_jp2_r_008;jp_jp1_f_001;2.2885841926540467
('a:', 'a');('jp', 'jp');different;jp_jp2_r_008;jp_jp1_r_002;2.3127569105808643
('a:', 'a');('jp', 'jp');different;jp_jp2_r_008;jp_jp3_f_001;1.776767132192072
('a:', 'a');('jp', 'jp');different;jp_jp2_r_008;jp_jp3_r_002;1.8850254235029795
('E', 'I');('nl', 'nl');same;nl_nl2_f_005;nl_nl3_f_005;1.0490323895808777
('E', 'I');('nl', 'nl');same;nl_nl2_f_005;nl_nl3_r_006;1.0391873330645915
('E', 'I');('nl', 'nl');same;nl_nl2_r_006;nl_nl3_f_005;0.9455835591488787
('E', 'I');('nl', 'nl');same;nl_nl2_r_006;nl_nl3_r_006;0.9285663191129324
('E', 'I');('nl', 'nl');same;nl_nl2_f_001;nl_nl3_f_001;0.7267976135832968
('E', 'I');('nl', 'nl');same;nl_nl2_f_001;nl_nl3_r_002;0.6694181514757207
('E', 'I');('nl', 'nl');same;nl_nl2_r_002;nl_nl3_f_001;0.7034638286395785
('E', 'I');('nl', 'nl');same;nl_nl2_r_002;nl_nl3_r_002;0.6257828056061654
('E', 'I');('nl', 'nl');different;nl_nl2_f_005;nl_nl3_f_001;1.5970918336457474
('E', 'I');('nl', 'nl');different;nl_nl2_f_005;nl_nl3_r_002;1.4961504723218322
('E', 'I');('nl', 'nl');different;nl_nl2_r_006;nl_nl3_f_001;1.577777339688733
('E', 'I');('nl', 'nl');different;nl_nl2_r_006;nl_nl3_r_002;1.443945220709406
('E', 'I');('nl', 'nl');different;nl_nl3_f_005;nl_nl2_f_001;1.315481749074163
('E', 'I');('nl', 'nl');different;nl_nl3_f_005;nl_nl2_r_002;1.3356836498410356
('E', 'I');('nl', 'nl');different;nl_nl3_r_006;nl_nl2_f_001;1.3583913943479229
('E', 'I');('nl', 'nl');different;nl_nl3_r_006;nl_nl2_r_002;1.3407240887885452
('u:', 'y:');('de', 'de');same;de_de1_f_011;de_de2_f_011;0.9168359937868574
('u:', 'y:');('de', 'de');same;de_de1_f_011;de_de2_r_012;0.9587381375083193
('u:', 'y:');('de', 'de');same;de_de1_f_011;de_de3_f_011;0.5989557937409506
('u:', 'y:');('de', 'de');same;de_de1_f_011;de_de3_r_012;0.5782134446168882
('u:', 'y:');('de', 'de');same;de_de1_f_011;de_de4_f_011;0.7608826122944027
('u:', 'y:');('de', 'de');same;de_de1_f_011;de_de4_r_012;0.7025526252358273
('u:', 'y:');('de', 'de');same;de_de1_f_011;de_de5_f_011;0.7203050508783345
('u:', 'y:');('de', 'de');same;de_de1_f_011;de_de5_r_012;0.7300086568543759
('u:', 'y:');('de', 'de');same;de_de1_f_011;de_de6_f_011;0.6889090489165833
('u:', 'y:');('de', 'de');same;de_de1_f_011;de_de6_r_012;0.6810030238835376
('u:', 'y:');('de', 'de');same;de_de1_f_011;de_de7_f_011;0.719643834473034
('u:', 'y:');('de', 'de');same;de_de1_f_011;de_de7_r_012;0.6168605522279148
('u:', 'y:');('de', 'de');same;de_de1_r_012;de_de2_f_011;1.181292432311047
('u:', 'y:');('de', 'de');same;de_de1_r_012;de_de2_r_012;1.148046324118679
('u:', 'y:');('de', 'de');same;de_de1_r_012;de_de3_f_011;0.634943985553642
('u:', 'y:');('de', 'de');same;de_de1_r_012;de_de3_r_012;0.5883558832840633
('u:', 'y:');('de', 'de');same;de_de1_r_012;de_de4_f_011;0.8900408369251307
('u:', 'y:');('de', 'de');same;de_de1_r_012;de_de4_r_012;0.7548166452319112
('u:', 'y:');('de', 'de');same;de_de1_r_012;de_de5_f_011;0.797130106659148
('u:', 'y:');('de', 'de');same;de_de1_r_012;de_de5_r_012;0.7493171693459285
('u:', 'y:');('de', 'de');same;de_de1_r_012;de_de6_f_011;0.6740461749766476
('u:', 'y:');('de', 'de');same;de_de1_r_012;de_de6_r_012;0.6528011432906373
('u:', 'y:');('de', 'de');same;de_de1_r_012;de_de7_f_011;0.7324711568673372
('u:', 'y:');('de', 'de');same;de_de1_r_012;de_de7_r_012;0.6626640239486018
('u:', 'y:');('de', 'de');same;de_de2_f_011;de_de3_f_011;0.853533591522128
('u:', 'y:');('de', 'de');same;de_de2_f_011;de_de3_r_012;0.912284052434807
('u:', 'y:');('de', 'de');same;de_de2_f_011;de_de4_f_011;0.5343901662621799
('u:', 'y:');('de', 'de');same;de_de2_f_011;de_de4_r_012;0.5795236676396235
('u:', 'y:');('de', 'de');same;de_de2_f_011;de_de5_f_011;0.5714443815621756
('u:', 'y:');('de', 'de');same;de_de2_f_011;de_de5_r_012;0.6868155511839524
('u:', 'y:');('de', 'de');same;de_de2_f_011;de_de6_f_011;0.7302700934744051
('u:', 'y:');('de', 'de');same;de_de2_f_011;de_de6_r_012;0.795558341509299
('u:', 'y:');('de', 'de');same;de_de2_f_011;de_de7_f_011;1.4209957728978173
('u:', 'y:');('de', 'de');same;de_de2_f_011;de_de7_r_012;1.35441495289821
('u:', 'y:');('de', 'de');same;de_de2_r_012;de_de3_f_011;0.8561888162614832
('u:', 'y:');('de', 'de');same;de_de2_r_012;de_de3_r_012;0.8943698943375066
('u:', 'y:');('de', 'de');same;de_de2_r_012;de_de4_f_011;0.5359489816081863
('u:', 'y:');('de', 'de');same;de_de2_r_012;de_de4_r_012;0.5371448461550062
('u:', 'y:');('de', 'de');same;de_de2_r_012;de_de5_f_011;0.5515448545714517
('u:', 'y:');('de', 'de');same;de_de2_r_012;de_de5_r_012;0.6267829116003423
('u:', 'y:');('de', 'de');same;de_de2_r_012;de_de6_f_011;0.6477813274320602
('u:', 'y:');('de', 'de');same;de_de2_r_012;de_de6_r_012;0.7199831889643602
('u:', 'y:');('de', 'de');same;de_de2_r_012;de_de7_f_011;1.3681862072860753
('u:', 'y:');('de', 'de');same;de_de2_r_012;de_de7_r_012;1.3181511059790707
('u:', 'y:');('de', 'de');same;de_de3_f_011;de_de4_f_011;0.7044930666676067
('u:', 'y:');('de', 'de');same;de_de3_f_011;de_de4_r_012;0.6372774507200845
('u:', 'y:');('de', 'de');same;de_de3_f_011;de_de5_f_011;0.6727227452756531
('u:', 'y:');('de', 'de');same;de_de3_f_011;de_de5_r_012;0.7125609761262238
('u:', 'y:');('de', 'de');same;de_de3_f_011;de_de6_f_011;0.41699971592737395
('u:', 'y:');('de', 'de');same;de_de3_f_011;de_de6_r_012;0.45555299260998194
('u:', 'y:');('de', 'de');same;de_de3_f_011;de_de7_f_011;0.5789319111068176
('u:', 'y:');('de', 'de');same;de_de3_f_011;de_de7_r_012;0.5822412963549152
('u:', 'y:');('de', 'de');same;de_de3_r_012;de_de4_f_011;0.7511633877869006
('u:', 'y:');('de', 'de');same;de_de3_r_012;de_de4_r_012;0.6641890939319243
('u:', 'y:');('de', 'de');same;de_de3_r_012;de_de5_f_011;0.6610236635689881
('u:', 'y:');('de', 'de');same;de_de3_r_012;de_de5_r_012;0.6988609119988818
('u:', 'y:');('de', 'de');same;de_de3_r_012;de_de6_f_011;0.427642443251566
('u:', 'y:');('de', 'de');same;de_de3_r_012;de_de6_r_012;0.4333743504040921
('u:', 'y:');('de', 'de');same;de_de3_r_012;de_de7_f_011;0.5234672894123727
('u:', 'y:');('de', 'de');same;de_de3_r_012;de_de7_r_012;0.5173719900745524
('u:', 'y:');('de', 'de');same;de_de4_f_011;de_de5_f_011;0.5030069079220586
('u:', 'y:');('de', 'de');same;de_de4_f_011;de_de5_r_012;0.5761921605291305
('u:', 'y:');('de', 'de');same;de_de4_f_011;de_de6_f_011;0.6717171942936819
('u:', 'y:');('de', 'de');same;de_de4_f_011;de_de6_r_012;0.6841599234134179
('u:', 'y:');('de', 'de');same;de_de4_f_011;de_de7_f_011;1.1823737535642314
('u:', 'y:');('de', 'de');same;de_de4_f_011;de_de7_r_012;1.1970578892947454
('u:', 'y:');('de', 'de');same;de_de4_r_012;de_de5_f_011;0.4603516236720079
('u:', 'y:');('de', 'de');same;de_de4_r_012;de_de5_r_012;0.506533678350885
('u:', 'y:');('de', 'de');same;de_de4_r_012;de_de6_f_011;0.6345267982015484
('u:', 'y:');('de', 'de');same;de_de4_r_012;de_de6_r_012;0.6618616704201257
('u:', 'y:');('de', 'de');same;de_de4_r_012;de_de7_f_011;1.0852639290826185
('u:', 'y:');('de', 'de');same;de_de4_r_012;de_de7_r_012;1.058900997305965
('u:', 'y:');('de', 'de');same;de_de5_f_011;de_de6_f_011;0.8398618148114046
('u:', 'y:');('de', 'de');same;de_de5_f_011;de_de6_r_012;0.8782382776519884
('u:', 'y:');('de', 'de');same;de_de5_f_011;de_de7_f_011;0.8303949639854952
('u:', 'y:');('de', 'de');same;de_de5_f_011;de_de7_r_012;0.7721993724396361
('u:', 'y:');('de', 'de');same;de_de5_r_012;de_de6_f_011;0.8516811810802634
('u:', 'y:');('de', 'de');same;de_de5_r_012;de_de6_r_012;0.8723230246060365
('u:', 'y:');('de', 'de');same;de_de5_r_012;de_de7_f_011;0.8208725963418497
('u:', 'y:');('de', 'de');same;de_de5_r_012;de_de7_r_012;0.7002887153686934
('u:', 'y:');('de', 'de');same;de_de6_f_011;de_de7_f_011;0.9003062114610404
('u:', 'y:');('de', 'de');same;de_de6_f_011;de_de7_r_012;0.8742952780052602
('u:', 'y:');('de', 'de');same;de_de6_r_012;de_de7_f_011;0.8853125016206325
('u:', 'y:');('de', 'de');same;de_de6_r_012;de_de7_r_012;0.8389469211436831
('u:', 'y:');('de', 'de');same;de_de1_f_013;de_de2_f_013;1.8030281117851406
('u:', 'y:');('de', 'de');same;de_de1_f_013;de_de2_r_014;1.7677068594402012
('u:', 'y:');('de', 'de');same;de_de1_f_013;de_de3_f_013;1.0475972084909553
('u:', 'y:');('de', 'de');same;de_de1_f_013;de_de3_r_014;0.8719423382373108
('u:', 'y:');('de', 'de');same;de_de1_f_013;de_de4_f_013;1.0700091905619584
('u:', 'y:');('de', 'de');same;de_de1_f_013;de_de4_r_014;0.9433264870515005
('u:', 'y:');('de', 'de');same;de_de1_f_013;de_de5_f_013;1.0417246551340016
('u:', 'y:');('de', 'de');same;de_de1_f_013;de_de5_r_014;1.001720885273576
('u:', 'y:');('de', 'de');same;de_de1_f_013;de_de6_f_013;0.9837529687293635
('u:', 'y:');('de', 'de');same;de_de1_f_013;de_de6_r_014;0.9667129967705148
('u:', 'y:');('de', 'de');same;de_de1_f_013;de_de7_f_013;0.6624629843578627
('u:', 'y:');('de', 'de');same;de_de1_f_013;de_de7_r_014;0.6946117939369587
('u:', 'y:');('de', 'de');same;de_de1_r_014;de_de2_f_013;2.122047219713405
('u:', 'y:');('de', 'de');same;de_de1_r_014;de_de2_r_014;2.0741408204115634
('u:', 'y:');('de', 'de');same;de_de1_r_014;de_de3_f_013;1.1411122646785847
('u:', 'y:');('de', 'de');same;de_de1_r_014;de_de3_r_014;0.905098627962852
('u:', 'y:');('de', 'de');same;de_de1_r_014;de_de4_f_013;1.1259131269180889
('u:', 'y:');('de', 'de');same;de_de1_r_014;de_de4_r_014;0.9421758798716079
('u:', 'y:');('de', 'de');same;de_de1_r_014;de_de5_f_013;1.1171809030137316
('u:', 'y:');('de', 'de');same;de_de1_r_014;de_de5_r_014;0.9923268115172578
('u:', 'y:');('de', 'de');same;de_de1_r_014;de_de6_f_013;1.0632737594899717
('u:', 'y:');('de', 'de');same;de_de1_r_014;de_de6_r_014;0.9879101256357701
('u:', 'y:');('de', 'de');same;de_de1_r_014;de_de7_f_013;0.6678669182524265
('u:', 'y:');('de', 'de');same;de_de1_r_014;de_de7_r_014;0.6367294159761647
('u:', 'y:');('de', 'de');same;de_de2_f_013;de_de3_f_013;1.8858007781297967
('u:', 'y:');('de', 'de');same;de_de2_f_013;de_de3_r_014;1.8579097938707292
('u:', 'y:');('de', 'de');same;de_de2_f_013;de_de4_f_013;1.2923254905326051
('u:', 'y:');('de', 'de');same;de_de2_f_013;de_de4_r_014;1.3810600329313099
('u:', 'y:');('de', 'de');same;de_de2_f_013;de_de5_f_013;1.179556030250487
('u:', 'y:');('de', 'de');same;de_de2_f_013;de_de5_r_014;1.1619782124539282
('u:', 'y:');('de', 'de');same;de_de2_f_013;de_de6_f_013;1.1984586267212491
('u:', 'y:');('de', 'de');same;de_de2_f_013;de_de6_r_014;1.3240382881229051
('u:', 'y:');('de', 'de');same;de_de2_f_013;de_de7_f_013;2.2152825155733105
('u:', 'y:');('de', 'de');same;de_de2_f_013;de_de7_r_014;2.5972516167105386
('u:', 'y:');('de', 'de');same;de_de2_r_014;de_de3_f_013;1.8067973979487855
('u:', 'y:');('de', 'de');same;de_de2_r_014;de_de3_r_014;1.754128662149049
('u:', 'y:');('de', 'de');same;de_de2_r_014;de_de4_f_013;1.2542274752527671
('u:', 'y:');('de', 'de');same;de_de2_r_014;de_de4_r_014;1.348224596173858
('u:', 'y:');('de', 'de');same;de_de2_r_014;de_de5_f_013;1.0927960997874004
('u:', 'y:');('de', 'de');same;de_de2_r_014;de_de5_r_014;1.0256618245782854
('u:', 'y:');('de', 'de');same;de_de2_r_014;de_de6_f_013;1.1913395202624997
('u:', 'y:');('de', 'de');same;de_de2_r_014;de_de6_r_014;1.1722263294213344
('u:', 'y:');('de', 'de');same;de_de2_r_014;de_de7_f_013;2.354532679525797
('u:', 'y:');('de', 'de');same;de_de2_r_014;de_de7_r_014;2.5811573934377514
('u:', 'y:');('de', 'de');same;de_de3_f_013;de_de4_f_013;1.3752968332443474
('u:', 'y:');('de', 'de');same;de_de3_f_013;de_de4_r_014;1.329966970428124
('u:', 'y:');('de', 'de');same;de_de3_f_013;de_de5_f_013;0.744968837467925
('u:', 'y:');('de', 'de');same;de_de3_f_013;de_de5_r_014;0.7717514504672484
('u:', 'y:');('de', 'de');same;de_de3_f_013;de_de6_f_013;0.78292888413527
('u:', 'y:');('de', 'de');same;de_de3_f_013;de_de6_r_014;0.8143515532057801
('u:', 'y:');('de', 'de');same;de_de3_f_013;de_de7_f_013;0.7215155368726002
('u:', 'y:');('de', 'de');same;de_de3_f_013;de_de7_r_014;0.812949222604468
('u:', 'y:');('de', 'de');same;de_de3_r_014;de_de4_f_013;1.2901047834652966
('u:', 'y:');('de', 'de');same;de_de3_r_014;de_de4_r_014;1.2294892474858727
('u:', 'y:');('de', 'de');same;de_de3_r_014;de_de5_f_013;0.7521016812957974
('u:', 'y:');('de', 'de');same;de_de3_r_014;de_de5_r_014;0.7416928204562361
('u:', 'y:');('de', 'de');same;de_de3_r_014;de_de6_f_013;0.7455638908137087
('u:', 'y:');('de', 'de');same;de_de3_r_014;de_de6_r_014;0.754729289798989
('u:', 'y:');('de', 'de');same;de_de3_r_014;de_de7_f_013;0.6590770452642312
('u:', 'y:');('de', 'de');same;de_de3_r_014;de_de7_r_014;0.6748734973405341
('u:', 'y:');('de', 'de');same;de_de4_f_013;de_de5_f_013;0.6282465459034152
('u:', 'y:');('de', 'de');same;de_de4_f_013;de_de5_r_014;0.6318797544271524
('u:', 'y:');('de', 'de');same;de_de4_f_013;de_de6_f_013;0.7697546780735287
('u:', 'y:');('de', 'de');same;de_de4_f_013;de_de6_r_014;0.8485979441978374
('u:', 'y:');('de', 'de');same;de_de4_f_013;de_de7_f_013;1.3205995293954094
('u:', 'y:');('de', 'de');same;de_de4_f_013;de_de7_r_014;1.4588852036302806
('u:', 'y:');('de', 'de');same;de_de4_r_014;de_de5_f_013;0.6258723757763582
('u:', 'y:');('de', 'de');same;de_de4_r_014;de_de5_r_014;0.6108342426115313
('u:', 'y:');('de', 'de');same;de_de4_r_014;de_de6_f_013;0.7156291151135987
('u:', 'y:');('de', 'de');same;de_de4_r_014;de_de6_r_014;0.7726388961875944
('u:', 'y:');('de', 'de');same;de_de4_r_014;de_de7_f_013;1.1956343298696934
('u:', 'y:');('de', 'de');same;de_de4_r_014;de_de7_r_014;1.2962175169939396
('u:', 'y:');('de', 'de');same;de_de5_f_013;de_de6_f_013;0.8664247669272741
('u:', 'y:');('de', 'de');same;de_de5_f_013;de_de6_r_014;0.8742465118703376
('u:', 'y:');('de', 'de');same;de_de5_f_013;de_de7_f_013;1.060938562454012
('u:', 'y:');('de', 'de');same;de_de5_f_013;de_de7_r_014;1.164683906097046
('u:', 'y:');('de', 'de');same;de_de5_r_014;de_de6_f_013;0.884903650515967
('u:', 'y:');('de', 'de');same;de_de5_r_014;de_de6_r_014;0.8866434165733295
('u:', 'y:');('de', 'de');same;de_de5_r_014;de_de7_f_013;1.0051884347132822
('u:', 'y:');('de', 'de');same;de_de5_r_014;de_de7_r_014;1.0647266250344587
('u:', 'y:');('de', 'de');same;de_de6_f_013;de_de7_f_013;0.9662828827286002
('u:', 'y:');('de', 'de');same;de_de6_f_013;de_de7_r_014;1.0083354734103533
('u:', 'y:');('de', 'de');same;de_de6_r_014;de_de7_f_013;0.9745093366680615
('u:', 'y:');('de', 'de');same;de_de6_r_014;de_de7_r_014;0.9760662035808328
('u:', 'y:');('de', 'de');different;de_de1_f_011;de_de2_f_013;2.710853323930311
('u:', 'y:');('de', 'de');different;de_de1_f_011;de_de2_r_014;2.772110438132771
('u:', 'y:');('de', 'de');different;de_de1_f_011;de_de3_f_013;0.9156823133515912
('u:', 'y:');('de', 'de');different;de_de1_f_011;de_de3_r_014;0.8008433103604365
('u:', 'y:');('de', 'de');different;de_de1_f_011;de_de4_f_013;1.5690378767703625
('u:', 'y:');('de', 'de');different;de_de1_f_011;de_de4_r_014;1.4985197696429298
('u:', 'y:');('de', 'de');different;de_de1_f_011;de_de5_f_013;1.3005631896417285
('u:', 'y:');('de', 'de');different;de_de1_f_011;de_de5_r_014;1.1428661863908967
('u:', 'y:');('de', 'de');different;de_de1_f_011;de_de6_f_013;1.752059425910637
('u:', 'y:');('de', 'de');different;de_de1_f_011;de_de6_r_014;1.7181313087078012
('u:', 'y:');('de', 'de');different;de_de1_f_011;de_de7_f_013;1.296122682901048
('u:', 'y:');('de', 'de');different;de_de1_f_011;de_de7_r_014;1.3611311536000765
('u:', 'y:');('de', 'de');different;de_de1_r_012;de_de2_f_013;2.686030715845001
('u:', 'y:');('de', 'de');different;de_de1_r_012;de_de2_r_014;2.7131284616357263
('u:', 'y:');('de', 'de');different;de_de1_r_012;de_de3_f_013;0.944981225012122
('u:', 'y:');('de', 'de');different;de_de1_r_012;de_de3_r_014;0.8428672544896515
('u:', 'y:');('de', 'de');different;de_de1_r_012;de_de4_f_013;1.6574895777752536
('u:', 'y:');('de', 'de');different;de_de1_r_012;de_de4_r_014;1.5772411453675113
('u:', 'y:');('de', 'de');different;de_de1_r_012;de_de5_f_013;1.3399804670912234
('u:', 'y:');('de', 'de');different;de_de1_r_012;de_de5_r_014;1.1702878112756587
('u:', 'y:');('de', 'de');different;de_de1_r_012;de_de6_f_013;1.8208974361419417
('u:', 'y:');('de', 'de');different;de_de1_r_012;de_de6_r_014;1.8203318617153013
('u:', 'y:');('de', 'de');different;de_de1_r_012;de_de7_f_013;1.308782223548548
('u:', 'y:');('de', 'de');different;de_de1_r_012;de_de7_r_014;1.31500758312833
('u:', 'y:');('de', 'de');different;de_de2_f_011;de_de1_f_013;2.0123748924309766
('u:', 'y:');('de', 'de');different;de_de2_f_011;de_de1_r_014;2.215711681473584
('u:', 'y:');('de', 'de');different;de_de2_f_011;de_de3_f_013;0.9480271681128531
('u:', 'y:');('de', 'de');different;de_de2_f_011;de_de3_r_014;1.0822293719058
('u:', 'y:');('de', 'de');different;de_de2_f_011;de_de4_f_013;1.6947955956127116
('u:', 'y:');('de', 'de');different;de_de2_f_011;de_de4_r_014;1.7582932936325086
('u:', 'y:');('de', 'de');different;de_de2_f_011;de_de5_f_013;1.1982575208198476
('u:', 'y:');('de', 'de');different;de_de2_f_011;de_de5_r_014;1.339944371444447
('u:', 'y:');('de', 'de');different;de_de2_f_011;de_de6_f_013;1.464883682096486
('u:', 'y:');('de', 'de');different;de_de2_f_011;de_de6_r_014;1.6193809835958892
('u:', 'y:');('de', 'de');different;de_de2_f_011;de_de7_f_013;1.5497070902163839
('u:', 'y:');('de', 'de');different;de_de2_f_011;de_de7_r_014;2.0233124751670397
('u:', 'y:');('de', 'de');different;de_de2_r_012;de_de1_f_013;1.934617110808488
('u:', 'y:');('de', 'de');different;de_de2_r_012;de_de1_r_014;2.146703654786068
('u:', 'y:');('de', 'de');different;de_de2_r_012;de_de3_f_013;0.9294393368281433
('u:', 'y:');('de', 'de');different;de_de2_r_012;de_de3_r_014;1.0522534611893555
('u:', 'y:');('de', 'de');different;de_de2_r_012;de_de4_f_013;1.6611213084860261
('u:', 'y:');('de', 'de');different;de_de2_r_012;de_de4_r_014;1.7042357061893583
('u:', 'y:');('de', 'de');different;de_de2_r_012;de_de5_f_013;1.1819292847276492
('u:', 'y:');('de', 'de');different;de_de2_r_012;de_de5_r_014;1.2952946655257476
('u:', 'y:');('de', 'de');different;de_de2_r_012;de_de6_f_013;1.4560754475485023
('u:', 'y:');('de', 'de');different;de_de2_r_012;de_de6_r_014;1.6015182444000096
('u:', 'y:');('de', 'de');different;de_de2_r_012;de_de7_f_013;1.525781975465582
('u:', 'y:');('de', 'de');different;de_de2_r_012;de_de7_r_014;1.9621851671249062
('u:', 'y:');('de', 'de');different;de_de3_f_011;de_de1_f_013;1.9409609463692
('u:', 'y:');('de', 'de');different;de_de3_f_011;de_de1_r_014;1.9444717251562946
('u:', 'y:');('de', 'de');different;de_de3_f_011;de_de2_f_013;2.3617875480228476
('u:', 'y:');('de', 'de');different;de_de3_f_011;de_de2_r_014;2.4142627777169077
('u:', 'y:');('de', 'de');different;de_de3_f_011;de_de4_f_013;1.792654991839147
('u:', 'y:');('de', 'de');different;de_de3_f_011;de_de4_r_014;1.6764965259124551
('u:', 'y:');('de', 'de');different;de_de3_f_011;de_de5_f_013;1.0040244823753897
('u:', 'y:');('de', 'de');different;de_de3_f_011;de_de5_r_014;1.0593359444068924
('u:', 'y:');('de', 'de');different;de_de3_f_011;de_de6_f_013;1.3726160024829315
('u:', 'y:');('de', 'de');different;de_de3_f_011;de_de6_r_014;1.4105531330205145
('u:', 'y:');('de', 'de');different;de_de3_f_011;de_de7_f_013;1.3979607915054726
('u:', 'y:');('de', 'de');different;de_de3_f_011;de_de7_r_014;1.530762364405338
('u:', 'y:');('de', 'de');different;de_de3_r_012;de_de1_f_013;1.865491250793645
('u:', 'y:');('de', 'de');different;de_de3_r_012;de_de1_r_014;1.8972431554678053
('u:', 'y:');('de', 'de');different;de_de3_r_012;de_de2_f_013;2.5075727690020013
('u:', 'y:');('de', 'de');different;de_de3_r_012;de_de2_r_014;2.553211977967094
('u:', 'y:');('de', 'de');different;de_de3_r_012;de_de4_f_013;1.7865418451210118
('u:', 'y:');('de', 'de');different;de_de3_r_012;de_de4_r_014;1.6513883308586645
('u:', 'y:');('de', 'de');different;de_de3_r_012;de_de5_f_013;1.0447491302001604
('u:', 'y:');('de', 'de');different;de_de3_r_012;de_de5_r_014;1.0524409179754532
('u:', 'y:');('de', 'de');different;de_de3_r_012;de_de6_f_013;1.3734958649037798
('u:', 'y:');('de', 'de');different;de_de3_r_012;de_de6_r_014;1.402573308259077
('u:', 'y:');('de', 'de');different;de_de3_r_012;de_de7_f_013;1.361593861251544
('u:', 'y:');('de', 'de');different;de_de3_r_012;de_de7_r_014;1.4633974981071156
('u:', 'y:');('de', 'de');different;de_de4_f_011;de_de1_f_013;2.1273471640884534
('u:', 'y:');('de', 'de');different;de_de4_f_011;de_de1_r_014;2.285024151723972
('u:', 'y:');('de', 'de');different;de_de4_f_011;de_de2_f_013;2.1812394648462474
('u:', 'y:');('de', 'de');different;de_de4_f_011;de_de2_r_014;2.166760013929258
('u:', 'y:');('de', 'de');different;de_de4_f_011;de_de3_f_013;1.0450929260035215
('u:', 'y:');('de', 'de');different;de_de4_f_011;de_de3_r_014;1.1397730874987084
('u:', 'y:');('de', 'de');different;de_de4_f_011;de_de5_f_013;1.11036392835239
('u:', 'y:');('de', 'de');different;de_de4_f_011;de_de5_r_014;1.1884605524603802
('u:', 'y:');('de', 'de');different;de_de4_f_011;de_de6_f_013;1.6706244901921228
('u:', 'y:');('de', 'de');different;de_de4_f_011;de_de6_r_014;1.758580474459504
('u:', 'y:');('de', 'de');different;de_de4_f_011;de_de7_f_013;1.859903785549154
('u:', 'y:');('de', 'de');different;de_de4_f_011;de_de7_r_014;2.1291292892290974
('u:', 'y:');('de', 'de');different;de_de4_r_012;de_de1_f_013;2.079439253294446
('u:', 'y:');('de', 'de');different;de_de4_r_012;de_de1_r_014;2.1912818788497095
('u:', 'y:');('de', 'de');different;de_de4_r_012;de_de2_f_013;2.207650034606763
('u:', 'y:');('de', 'de');different;de_de4_r_012;de_de2_r_014;2.195891589798053
('u:', 'y:');('de', 'de');different;de_de4_r_012;de_de3_f_013;1.0402468206946431
('u:', 'y:');('de', 'de');different;de_de4_r_012;de_de3_r_014;1.1178588751891159
('u:', 'y:');('de', 'de');different;de_de4_r_012;de_de5_f_013;1.038887230982473
('u:', 'y:');('de', 'de');different;de_de4_r_012;de_de5_r_014;1.1411597315199469
('u:', 'y:');('de', 'de');different;de_de4_r_012;de_de6_f_013;1.6357613656884245
('u:', 'y:');('de', 'de');different;de_de4_r_012;de_de6_r_014;1.7125914454875772
('u:', 'y:');('de', 'de');different;de_de4_r_012;de_de7_f_013;1.801771989621812
('u:', 'y:');('de', 'de');different;de_de4_r_012;de_de7_r_014;2.0556433031584236
('u:', 'y:');('de', 'de');different;de_de5_f_011;de_de1_f_013;2.2549980008425776
('u:', 'y:');('de', 'de');different;de_de5_f_011;de_de1_r_014;2.3380410009543535
('u:', 'y:');('de', 'de');different;de_de5_f_011;de_de2_f_013;2.3107989868900156
('u:', 'y:');('de', 'de');different;de_de5_f_011;de_de2_r_014;2.271451431073028
('u:', 'y:');('de', 'de');different;de_de5_f_011;de_de3_f_013;1.0718339122545744
('u:', 'y:');('de', 'de');different;de_de5_f_011;de_de3_r_014;1.1759156944475189
('u:', 'y:');('de', 'de');different;de_de5_f_011;de_de4_f_013;2.090429956717769
('u:', 'y:');('de', 'de');different;de_de5_f_011;de_de4_r_014;2.1371842176902907
('u:', 'y:');('de', 'de');different;de_de5_f_011;de_de6_f_013;1.881719336803657
('u:', 'y:');('de', 'de');different;de_de5_f_011;de_de6_r_014;1.9374913720038562
('u:', 'y:');('de', 'de');different;de_de5_f_011;de_de7_f_013;1.7315498771632936
('u:', 'y:');('de', 'de');different;de_de5_f_011;de_de7_r_014;2.0580438305638262
('u:', 'y:');('de', 'de');different;de_de5_r_012;de_de1_f_013;2.2262014918603863
('u:', 'y:');('de', 'de');different;de_de5_r_012;de_de1_r_014;2.300314372153157
('u:', 'y:');('de', 'de');different;de_de5_r_012;de_de2_f_013;2.543807145799351
('u:', 'y:');('de', 'de');different;de_de5_r_012;de_de2_r_014;2.49116088640654
('u:', 'y:');('de', 'de');different;de_de5_r_012;de_de3_f_013;1.1285933713026786
('u:', 'y:');('de', 'de');different;de_de5_r_012;de_de3_r_014;1.199878014791726
('u:', 'y:');('de', 'de');different;de_de5_r_012;de_de4_f_013;2.1405037483836185
('u:', 'y:');('de', 'de');different;de_de5_r_012;de_de4_r_014;2.1806017091804497
('u:', 'y:');('de', 'de');different;de_de5_r_012;de_de6_f_013;1.9482129666261023
('u:', 'y:');('de', 'de');different;de_de5_r_012;de_de6_r_014;1.987649980636954
('u:', 'y:');('de', 'de');different;de_de5_r_012;de_de7_f_013;1.75298485772004
('u:', 'y:');('de', 'de');different;de_de5_r_012;de_de7_r_014;2.0256243341343056
('u:', 'y:');('de', 'de');different;de_de6_f_011;de_de1_f_013;1.8092136786187965
('u:', 'y:');('de', 'de');different;de_de6_f_011;de_de1_r_014;1.7315076102844897
('u:', 'y:');('de', 'de');different;de_de6_f_011;de_de2_f_013;2.503604520921555
('u:', 'y:');('de', 'de');different;de_de6_f_011;de_de2_r_014;2.527608443509121
('u:', 'y:');('de', 'de');different;de_de6_f_011;de_de3_f_013;0.6721983658194418
('u:', 'y:');('de', 'de');different;de_de6_f_011;de_de3_r_014;0.7088259147437355
('u:', 'y:');('de', 'de');different;de_de6_f_011;de_de4_f_013;1.4416295070014118
('u:', 'y:');('de', 'de');different;de_de6_f_011;de_de4_r_014;1.4140642838677602
('u:', 'y:');('de', 'de');different;de_de6_f_011;de_de5_f_013;1.2132714044043995
('u:', 'y:');('de', 'de');different;de_de6_f_011;de_de5_r_014;1.1868445108628247
('u:', 'y:');('de', 'de');different;de_de6_f_011;de_de7_f_013;1.1702264165288376
('u:', 'y:');('de', 'de');different;de_de6_f_011;de_de7_r_014;1.3043947422938844
('u:', 'y:');('de', 'de');different;de_de6_r_012;de_de1_f_013;1.6706797554400978
('u:', 'y:');('de', 'de');different;de_de6_r_012;de_de1_r_014;1.6796119507496532
('u:', 'y:');('de', 'de');different;de_de6_r_012;de_de2_f_013;2.3691212560787474
('u:', 'y:');('de', 'de');different;de_de6_r_012;de_de2_r_014;2.3516156317698713
('u:', 'y:');('de', 'de');different;de_de6_r_012;de_de3_f_013;0.6277215918564735
('u:', 'y:');('de', 'de');different;de_de6_r_012;de_de3_r_014;0.6449485190009813
('u:', 'y:');('de', 'de');different;de_de6_r_012;de_de4_f_013;1.4089162341877286
('u:', 'y:');('de', 'de');different;de_de6_r_012;de_de4_r_014;1.3937768451061117
('u:', 'y:');('de', 'de');different;de_de6_r_012;de_de5_f_013;1.129030918290367
('u:', 'y:');('de', 'de');different;de_de6_r_012;de_de5_r_014;1.1071295858852488
('u:', 'y:');('de', 'de');different;de_de6_r_012;de_de7_f_013;1.14730179136036
('u:', 'y:');('de', 'de');different;de_de6_r_012;de_de7_r_014;1.2424947586532278
('u:', 'y:');('de', 'de');different;de_de7_f_011;de_de1_f_013;2.45134294613315
('u:', 'y:');('de', 'de');different;de_de7_f_011;de_de1_r_014;2.480802383858309
('u:', 'y:');('de', 'de');different;de_de7_f_011;de_de2_f_013;3.8207115515704535
('u:', 'y:');('de', 'de');different;de_de7_f_011;de_de2_r_014;3.835395778274339
('u:', 'y:');('de', 'de');different;de_de7_f_011;de_de3_f_013;1.059397056125443
('u:', 'y:');('de', 'de');different;de_de7_f_011;de_de3_r_014;1.0566184290720764
('u:', 'y:');('de', 'de');different;de_de7_f_011;de_de4_f_013;3.008654091531086
('u:', 'y:');('de', 'de');different;de_de7_f_011;de_de4_r_014;2.8457717746315563
('u:', 'y:');('de', 'de');different;de_de7_f_011;de_de5_f_013;1.872925264404804
('u:', 'y:');('de', 'de');different;de_de7_f_011;de_de5_r_014;2.023503069865303
('u:', 'y:');('de', 'de');different;de_de7_f_011;de_de6_f_013;2.4142456000523924
('u:', 'y:');('de', 'de');different;de_de7_f_011;de_de6_r_014;2.3496209607548817
('u:', 'y:');('de', 'de');different;de_de7_r_012;de_de1_f_013;2.391948109333398
('u:', 'y:');('de', 'de');different;de_de7_r_012;de_de1_r_014;2.365555012870262
('u:', 'y:');('de', 'de');different;de_de7_r_012;de_de2_f_013;3.7370414740629725
('u:', 'y:');('de', 'de');different;de_de7_r_012;de_de2_r_014;3.7250252394220276
('u:', 'y:');('de', 'de');different;de_de7_r_012;de_de3_f_013;1.0633161977892578
('u:', 'y:');('de', 'de');different;de_de7_r_012;de_de3_r_014;1.000356931688093
('u:', 'y:');('de', 'de');different;de_de7_r_012;de_de4_f_013;2.9159081359334227
('u:', 'y:');('de', 'de');different;de_de7_r_012;de_de4_r_014;2.849956785321024
('u:', 'y:');('de', 'de');different;de_de7_r_012;de_de5_f_013;1.8907683009618323
('u:', 'y:');('de', 'de');different;de_de7_r_012;de_de5_r_014;1.9337572447452027
('u:', 'y:');('de', 'de');different;de_de7_r_012;de_de6_f_013;2.385422343771174
('u:', 'y:');('de', 'de');different;de_de7_r_012;de_de6_r_014;2.299519520039783
