contrast;language;condition;file1;file2;distance
('a', 'a~');('fr', 'fr');same;fr_fr1_f_005;fr_fr2_f_005;23.479663677986867
('a', 'a~');('fr', 'fr');same;fr_fr1_f_005;fr_fr2_r_006;23.177304775409212
('a', 'a~');('fr', 'fr');same;fr_fr1_f_005;fr_fr3_f_005;23.29013608469863
('a', 'a~');('fr', 'fr');same;fr_fr1_f_005;fr_fr3_r_006;23.374333644545228
('a', 'a~');('fr', 'fr');same;fr_fr1_f_005;fr_fr4_f_005;23.32200640307978
('a', 'a~');('fr', 'fr');same;fr_fr1_f_005;fr_fr4_r_006;23.33940665559311
('a', 'a~');('fr', 'fr');same;fr_fr1_f_005;fr_fr5_f_005;23.13301737013346
('a', 'a~');('fr', 'fr');same;fr_fr1_f_005;fr_fr5_r_006;23.40623053711211
('a', 'a~');('fr', 'fr');same;fr_fr1_f_005;fr_fr6_f_005;23.39487538422356
('a', 'a~');('fr', 'fr');same;fr_fr1_f_005;fr_fr6_r_006;23.438941937967854
('a', 'a~');('fr', 'fr');same;fr_fr1_f_005;fr_fr7_f_005;23.36362719573986
('a', 'a~');('fr', 'fr');same;fr_fr1_f_005;fr_fr7_r_006;23.446794444809477
('a', 'a~');('fr', 'fr');same;fr_fr1_r_006;fr_fr2_f_005;23.42685032463392
('a', 'a~');('fr', 'fr');same;fr_fr1_r_006;fr_fr2_r_006;23.011324281730857
('a', 'a~');('fr', 'fr');same;fr_fr1_r_006;fr_fr3_f_005;23.297052275825497
('a', 'a~');('fr', 'fr');same;fr_fr1_r_006;fr_fr3_r_006;23.653556774948285
('a', 'a~');('fr', 'fr');same;fr_fr1_r_006;fr_fr4_f_005;23.361339620659148
('a', 'a~');('fr', 'fr');same;fr_fr1_r_006;fr_fr4_r_006;23.15900734042048
('a', 'a~');('fr', 'fr');same;fr_fr1_r_006;fr_fr5_f_005;22.98117862696442
('a', 'a~');('fr', 'fr');same;fr_fr1_r_006;fr_fr5_r_006;23.418505552418463
('a', 'a~');('fr', 'fr');same;fr_fr1_r_006;fr_fr6_f_005;23.251736906601938
('a', 'a~');('fr', 'fr');same;fr_fr1_r_006;fr_fr6_r_006;23.36193979963304
('a', 'a~');('fr', 'fr');same;fr_fr1_r_006;fr_fr7_f_005;23.11265083677313
('a', 'a~');('fr', 'fr');same;fr_fr1_r_006;fr_fr7_r_006;23.376784707452856
('a', 'a~');('fr', 'fr');same;fr_fr2_f_005;fr_fr3_f_005;23.43153233809973
('a', 'a~');('fr', 'fr');same;fr_fr2_f_005;fr_fr3_r_006;23.44375916897631
('a', 'a~');('fr', 'fr');same;fr_fr2_f_005;fr_fr4_f_005;23.4491147478305
('a', 'a~');('fr', 'fr');same;fr_fr2_f_005;fr_fr4_r_006;23.39071030777748
('a', 'a~');('fr', 'fr');same;fr_fr2_f_005;fr_fr5_f_005;23.140880498346355
('a', 'a~');('fr', 'fr');same;fr_fr2_f_005;fr_fr5_r_006;23.38688259984717
('a', 'a~');('fr', 'fr');same;fr_fr2_f_005;fr_fr6_f_005;23.46105275156309
('a', 'a~');('fr', 'fr');same;fr_fr2_f_005;fr_fr6_r_006;23.53060915935291
('a', 'a~');('fr', 'fr');same;fr_fr2_f_005;fr_fr7_f_005;23.248430758841256
('a', 'a~');('fr', 'fr');same;fr_fr2_f_005;fr_fr7_r_006;23.44542548972516
('a', 'a~');('fr', 'fr');same;fr_fr2_r_006;fr_fr3_f_005;23.193924384325168
('a', 'a~');('fr', 'fr');same;fr_fr2_r_006;fr_fr3_r_006;23.37319211178325
('a', 'a~');('fr', 'fr');same;fr_fr2_r_006;fr_fr4_f_005;23.26934910873613
('a', 'a~');('fr', 'fr');same;fr_fr2_r_006;fr_fr4_r_006;23.1760955120094
('a', 'a~');('fr', 'fr');same;fr_fr2_r_006;fr_fr5_f_005;22.86718425925772
('a', 'a~');('fr', 'fr');same;fr_fr2_r_006;fr_fr5_r_006;23.230542987843343
('a', 'a~');('fr', 'fr');same;fr_fr2_r_006;fr_fr6_f_005;23.175320503807217
('a', 'a~');('fr', 'fr');same;fr_fr2_r_006;fr_fr6_r_006;23.37194524594468
('a', 'a~');('fr', 'fr');same;fr_fr2_r_006;fr_fr7_f_005;23.2959812215518
('a', 'a~');('fr', 'fr');same;fr_fr2_r_006;fr_fr7_r_006;23.29168287280668
('a', 'a~');('fr', 'fr');same;fr_fr3_f_005;fr_fr4_f_005;23.257341312377168
('a', 'a~');('fr', 'fr');same;fr_fr3_f_005;fr_fr4_r_006;23.16022591669207
('a', 'a~');('fr', 'fr');same;fr_fr3_f_005;fr_fr5_f_005;22.90836101722028
('a', 'a~');('fr', 'fr');same;fr_fr3_f_005;fr_fr5_r_006;23.2268781907706
('a', 'a~');('fr', 'fr');same;fr_fr3_f_005;fr_fr6_f_005;23.26130840448199
('a', 'a~');('fr', 'fr');same;fr_fr3_f_005;fr_fr6_r_006;23.33765032122918
('a', 'a~');('fr', 'fr');same;fr_fr3_f_005;fr_fr7_f_005;23.237930502505296
('a', 'a~');('fr', 'fr');same;fr_fr3_f_005;fr_fr7_r_006;23.209243294268724
('a', 'a~');('fr', 'fr');same;fr_fr3_r_006;fr_fr4_f_005;23.488699644347093
('a', 'a~');('fr', 'fr');same;fr_fr3_r_006;fr_fr4_r_006;23.396934966396817
('a', 'a~');('fr', 'fr');same;fr_fr3_r_006;fr_fr5_f_005;23.08616004435647
('a', 'a~');('fr', 'fr');same;fr_fr3_r_006;fr_fr5_r_006;23.51662959107636
('a', 'a~');('fr', 'fr');same;fr_fr3_r_006;fr_fr6_f_005;23.57412815746761
('a', 'a~');('fr', 'fr');same;fr_fr3_r_006;fr_fr6_r_006;23.73377376243847
('a', 'a~');('fr', 'fr');same;fr_fr3_r_006;fr_fr7_f_005;23.384603328362022
('a', 'a~');('fr', 'fr');same;fr_fr3_r_006;fr_fr7_r_006;23.53070454543325
('a', 'a~');('fr', 'fr');same;fr_fr4_f_005;fr_fr5_f_005;22.925414698687643
('a', 'a~');('fr', 'fr');same;fr_fr4_f_005;fr_fr5_r_006;23.350091412622287
('a', 'a~');('fr', 'fr');same;fr_fr4_f_005;fr_fr6_f_005;23.429929153645595
('a', 'a~');('fr', 'fr');same;fr_fr4_f_005;fr_fr6_r_006;23.50613213436972
('a', 'a~');('fr', 'fr');same;fr_fr4_f_005;fr_fr7_f_005;23.26498613810864
('a', 'a~');('fr', 'fr');same;fr_fr4_f_005;fr_fr7_r_006;23.30188145968671
('a', 'a~');('fr', 'fr');same;fr_fr4_r_006;fr_fr5_f_005;22.73362897892368
('a', 'a~');('fr', 'fr');same;fr_fr4_r_006;fr_fr5_r_006;23.23802581662044
('a', 'a~');('fr', 'fr');same;fr_fr4_r_006;fr_fr6_f_005;23.38393102680321
('a', 'a~');('fr', 'fr');same;fr_fr4_r_006;fr_fr6_r_006;23.42632023488792
('a', 'a~');('fr', 'fr');same;fr_fr4_r_006;fr_fr7_f_005;23.12499024925202
('a', 'a~');('fr', 'fr');same;fr_fr4_r_006;fr_fr7_r_006;23.326467117472152
('a', 'a~');('fr', 'fr');same;fr_fr5_f_005;fr_fr6_f_005;22.850966278152814
('a', 'a~');('fr', 'fr');same;fr_fr5_f_005;fr_fr6_r_006;22.97912567369175
('a', 'a~');('fr', 'fr');same;fr_fr5_f_005;fr_fr7_f_005;22.924639950451947
('a', 'a~');('fr', 'fr');same;fr_fr5_f_005;fr_fr7_r_006;23.100622102537983
('a', 'a~');('fr', 'fr');same;fr_fr5_r_006;fr_fr6_f_005;23.33913241990528
('a', 'a~');('fr', 'fr');same;fr_fr5_r_006;fr_fr6_r_006;23.446534993866344
('a', 'a~');('fr', 'fr');same;fr_fr5_r_006;fr_fr7_f_005;23.136831900551005
('a', 'a~');('fr', 'fr');same;fr_fr5_r_006;fr_fr7_r_006;23.37112824547132
('a', 'a~');('fr', 'fr');same;fr_fr6_f_005;fr_fr7_f_005;23.32140299333948
('a', 'a~');('fr', 'fr');same;fr_fr6_f_005;fr_fr7_r_006;23.35885333623005
('a', 'a~');('fr', 'fr');same;fr_fr6_r_006;fr_fr7_f_005;23.22937856693925
('a', 'a~');('fr', 'fr');same;fr_fr6_r_006;fr_fr7_r_006;23.535093735393605
('a', 'a~');('fr', 'fr');same;fr_fr1_f_007;fr_fr2_f_007;23.41847084365456
('a', 'a~');('fr', 'fr');same;fr_fr1_f_007;fr_fr2_r_008;23.25234310194166
('a', 'a~');('fr', 'fr');same;fr_fr1_f_007;fr_fr3_f_007;23.189463769483517
('a', 'a~');('fr', 'fr');same;fr_fr1_f_007;fr_fr3_r_008;23.24554079379049
('a', 'a~');('fr', 'fr');same;fr_fr1_f_007;fr_fr4_f_007;23.26109275722965
('a', 'a~');('fr', 'fr');same;fr_fr1_f_007;fr_fr4_r_008;23.212449080730572
('a', 'a~');('fr', 'fr');same;fr_fr1_f_007;fr_fr5_f_007;23.22278491724744
('a', 'a~');('fr', 'fr');same;fr_fr1_f_007;fr_fr5_r_008;23.2744293377557
('a', 'a~');('fr', 'fr');same;fr_fr1_f_007;fr_fr6_f_007;23.208860886278323
('a', 'a~');('fr', 'fr');same;fr_fr1_f_007;fr_fr6_r_008;23.20064937829598
('a', 'a~');('fr', 'fr');same;fr_fr1_f_007;fr_fr7_f_007;23.309043837088293
('a', 'a~');('fr', 'fr');same;fr_fr1_f_007;fr_fr7_r_008;23.22435416003944
('a', 'a~');('fr', 'fr');same;fr_fr1_r_008;fr_fr2_f_007;23.59836243307875
('a', 'a~');('fr', 'fr');same;fr_fr1_r_008;fr_fr2_r_008;23.3255867197058
('a', 'a~');('fr', 'fr');same;fr_fr1_r_008;fr_fr3_f_007;23.39206845766606
('a', 'a~');('fr', 'fr');same;fr_fr1_r_008;fr_fr3_r_008;23.31104930417661
('a', 'a~');('fr', 'fr');same;fr_fr1_r_008;fr_fr4_f_007;23.33870060487011
('a', 'a~');('fr', 'fr');same;fr_fr1_r_008;fr_fr4_r_008;23.42682883517933
('a', 'a~');('fr', 'fr');same;fr_fr1_r_008;fr_fr5_f_007;23.34508822992151
('a', 'a~');('fr', 'fr');same;fr_fr1_r_008;fr_fr5_r_008;23.494631178298715
('a', 'a~');('fr', 'fr');same;fr_fr1_r_008;fr_fr6_f_007;23.26772526480847
('a', 'a~');('fr', 'fr');same;fr_fr1_r_008;fr_fr6_r_008;23.43427712450969
('a', 'a~');('fr', 'fr');same;fr_fr1_r_008;fr_fr7_f_007;23.349615734837645
('a', 'a~');('fr', 'fr');same;fr_fr1_r_008;fr_fr7_r_008;23.26030659727047
('a', 'a~');('fr', 'fr');same;fr_fr2_f_007;fr_fr3_f_007;23.43624468544162
('a', 'a~');('fr', 'fr');same;fr_fr2_f_007;fr_fr3_r_008;23.420598346034332
('a', 'a~');('fr', 'fr');same;fr_fr2_f_007;fr_fr4_f_007;23.48504265108064
('a', 'a~');('fr', 'fr');same;fr_fr2_f_007;fr_fr4_r_008;23.35576480261805
('a', 'a~');('fr', 'fr');same;fr_fr2_f_007;fr_fr5_f_007;23.45095498304889
('a', 'a~');('fr', 'fr');same;fr_fr2_f_007;fr_fr5_r_008;23.553700261150777
('a', 'a~');('fr', 'fr');same;fr_fr2_f_007;fr_fr6_f_007;23.453495957127927
('a', 'a~');('fr', 'fr');same;fr_fr2_f_007;fr_fr6_r_008;23.319052801016408
('a', 'a~');('fr', 'fr');same;fr_fr2_f_007;fr_fr7_f_007;23.18750750931751
('a', 'a~');('fr', 'fr');same;fr_fr2_f_007;fr_fr7_r_008;23.295925264495988
('a', 'a~');('fr', 'fr');same;fr_fr2_r_008;fr_fr3_f_007;23.01581282520248
('a', 'a~');('fr', 'fr');same;fr_fr2_r_008;fr_fr3_r_008;23.063436932002176
('a', 'a~');('fr', 'fr');same;fr_fr2_r_008;fr_fr4_f_007;23.28549215166822
('a', 'a~');('fr', 'fr');same;fr_fr2_r_008;fr_fr4_r_008;23.139878526412403
('a', 'a~');('fr', 'fr');same;fr_fr2_r_008;fr_fr5_f_007;23.20987433795056
('a', 'a~');('fr', 'fr');same;fr_fr2_r_008;fr_fr5_r_008;23.39187827051968
('a', 'a~');('fr', 'fr');same;fr_fr2_r_008;fr_fr6_f_007;23.070351056307157
('a', 'a~');('fr', 'fr');same;fr_fr2_r_008;fr_fr6_r_008;23.152533952868065
('a', 'a~');('fr', 'fr');same;fr_fr2_r_008;fr_fr7_f_007;23.22251737944448
('a', 'a~');('fr', 'fr');same;fr_fr2_r_008;fr_fr7_r_008;23.06165305548752
('a', 'a~');('fr', 'fr');same;fr_fr3_f_007;fr_fr4_f_007;23.268534767462896
('a', 'a~');('fr', 'fr');same;fr_fr3_f_007;fr_fr4_r_008;23.108486844043348
('a', 'a~');('fr', 'fr');same;fr_fr3_f_007;fr_fr5_f_007;23.429776860514423
('a', 'a~');('fr', 'fr');same;fr_fr3_f_007;fr_fr5_r_008;23.26657531380364
('a', 'a~');('fr', 'fr');same;fr_fr3_f_007;fr_fr6_f_007;23.091444453010805
('a', 'a~');('fr', 'fr');same;fr_fr3_f_007;fr_fr6_r_008;23.168988297856885
('a', 'a~');('fr', 'fr');same;fr_fr3_f_007;fr_fr7_f_007;23.331161395689524
('a', 'a~');('fr', 'fr');same;fr_fr3_f_007;fr_fr7_r_008;23.109108432951743
('a', 'a~');('fr', 'fr');same;fr_fr3_r_008;fr_fr4_f_007;23.254165981230976
('a', 'a~');('fr', 'fr');same;fr_fr3_r_008;fr_fr4_r_008;23.179164878010805
('a', 'a~');('fr', 'fr');same;fr_fr3_r_008;fr_fr5_f_007;23.15740459562422
('a', 'a~');('fr', 'fr');same;fr_fr3_r_008;fr_fr5_r_008;23.230538632459307
('a', 'a~');('fr', 'fr');same;fr_fr3_r_008;fr_fr6_f_007;23.114091413341047
('a', 'a~');('fr', 'fr');same;fr_fr3_r_008;fr_fr6_r_008;23.070817469840414
('a', 'a~');('fr', 'fr');same;fr_fr3_r_008;fr_fr7_f_007;23.29733176383095
('a', 'a~');('fr', 'fr');same;fr_fr3_r_008;fr_fr7_r_008;23.14165600995892
('a', 'a~');('fr', 'fr');same;fr_fr4_f_007;fr_fr5_f_007;23.319788559370547
('a', 'a~');('fr', 'fr');same;fr_fr4_f_007;fr_fr5_r_008;23.33366247296359
('a', 'a~');('fr', 'fr');same;fr_fr4_f_007;fr_fr6_f_007;23.127601571639428
('a', 'a~');('fr', 'fr');same;fr_fr4_f_007;fr_fr6_r_008;23.35731422731396
('a', 'a~');('fr', 'fr');same;fr_fr4_f_007;fr_fr7_f_007;23.366428718381663
('a', 'a~');('fr', 'fr');same;fr_fr4_f_007;fr_fr7_r_008;23.172522366101187
('a', 'a~');('fr', 'fr');same;fr_fr4_r_008;fr_fr5_f_007;23.31901640825852
('a', 'a~');('fr', 'fr');same;fr_fr4_r_008;fr_fr5_r_008;23.299297797582422
('a', 'a~');('fr', 'fr');same;fr_fr4_r_008;fr_fr6_f_007;23.33714573895859
('a', 'a~');('fr', 'fr');same;fr_fr4_r_008;fr_fr6_r_008;23.236651114766275
('a', 'a~');('fr', 'fr');same;fr_fr4_r_008;fr_fr7_f_007;23.17473066885761
('a', 'a~');('fr', 'fr');same;fr_fr4_r_008;fr_fr7_r_008;23.124774247373324
('a', 'a~');('fr', 'fr');same;fr_fr5_f_007;fr_fr6_f_007;23.23687957014426
('a', 'a~');('fr', 'fr');same;fr_fr5_f_007;fr_fr6_r_008;22.983855238306493
('a', 'a~');('fr', 'fr');same;fr_fr5_f_007;fr_fr7_f_007;23.35492111839441
('a', 'a~');('fr', 'fr');same;fr_fr5_f_007;fr_fr7_r_008;23.13836539810457
('a', 'a~');('fr', 'fr');same;fr_fr5_r_008;fr_fr6_f_007;23.36778709838182
('a', 'a~');('fr', 'fr');same;fr_fr5_r_008;fr_fr6_r_008;23.23417778262344
('a', 'a~');('fr', 'fr');same;fr_fr5_r_008;fr_fr7_f_007;23.192439298654023
('a', 'a~');('fr', 'fr');same;fr_fr5_r_008;fr_fr7_r_008;23.27047107148654
('a', 'a~');('fr', 'fr');same;fr_fr6_f_007;fr_fr7_f_007;23.116330071903057
('a', 'a~');('fr', 'fr');same;fr_fr6_f_007;fr_fr7_r_008;22.95221687470972
('a', 'a~');('fr', 'fr');same;fr_fr6_r_008;fr_fr7_f_007;23.02227950593352
('a', 'a~');('fr', 'fr');same;fr_fr6_r_008;fr_fr7_r_008;23.074195485656148
('a', 'a~');('fr', 'fr');different;fr_fr1_f_005;fr_fr2_f_007;23.50115706257683
('a', 'a~');('fr', 'fr');different;fr_fr1_f_005;fr_fr2_r_008;23.20176409047083
('a', 'a~');('fr', 'fr');different;fr_fr1_f_005;fr_fr3_f_007;23.370807958113136
('a', 'a~');('fr', 'fr');different;fr_fr1_f_005;fr_fr3_r_008;23.3840590732952
('a', 'a~');('fr', 'fr');different;fr_fr1_f_005;fr_fr4_f_007;23.4049032840704
('a', 'a~');('fr', 'fr');different;fr_fr1_f_005;fr_fr4_r_008;23.40327818109612
('a', 'a~');('fr', 'fr');different;fr_fr1_f_005;fr_fr5_f_007;23.276921785825508
('a', 'a~');('fr', 'fr');different;fr_fr1_f_005;fr_fr5_r_008;23.44940442013463
('a', 'a~');('fr', 'fr');different;fr_fr1_f_005;fr_fr6_f_007;23.253475835398
('a', 'a~');('fr', 'fr');different;fr_fr1_f_005;fr_fr6_r_008;23.326238603028514
('a', 'a~');('fr', 'fr');different;fr_fr1_f_005;fr_fr7_f_007;23.34042174936666
('a', 'a~');('fr', 'fr');different;fr_fr1_f_005;fr_fr7_r_008;23.22629938792545
('a', 'a~');('fr', 'fr');different;fr_fr1_r_006;fr_fr2_f_007;23.555075897886116
('a', 'a~');('fr', 'fr');different;fr_fr1_r_006;fr_fr2_r_008;23.15161399459569
('a', 'a~');('fr', 'fr');different;fr_fr1_r_006;fr_fr3_f_007;23.282153346401905
('a', 'a~');('fr', 'fr');different;fr_fr1_r_006;fr_fr3_r_008;23.12685022111735
('a', 'a~');('fr', 'fr');different;fr_fr1_r_006;fr_fr4_f_007;23.3037964560592
('a', 'a~');('fr', 'fr');different;fr_fr1_r_006;fr_fr4_r_008;23.20770637767576
('a', 'a~');('fr', 'fr');different;fr_fr1_r_006;fr_fr5_f_007;23.307271939441467
('a', 'a~');('fr', 'fr');different;fr_fr1_r_006;fr_fr5_r_008;23.328896032089418
('a', 'a~');('fr', 'fr');different;fr_fr1_r_006;fr_fr6_f_007;23.14151596216657
('a', 'a~');('fr', 'fr');different;fr_fr1_r_006;fr_fr6_r_008;23.12697257441087
('a', 'a~');('fr', 'fr');different;fr_fr1_r_006;fr_fr7_f_007;23.040440240804475
('a', 'a~');('fr', 'fr');different;fr_fr1_r_006;fr_fr7_r_008;23.11536853788509
('a', 'a~');('fr', 'fr');different;fr_fr2_f_005;fr_fr1_f_007;23.323666233073805
('a', 'a~');('fr', 'fr');different;fr_fr2_f_005;fr_fr1_r_008;23.42948610335837
('a', 'a~');('fr', 'fr');different;fr_fr2_f_005;fr_fr3_f_007;23.286117475308743
('a', 'a~');('fr', 'fr');different;fr_fr2_f_005;fr_fr3_r_008;23.29316075694166
('a', 'a~');('fr', 'fr');different;fr_fr2_f_005;fr_fr4_f_007;23.30924336404161
('a', 'a~');('fr', 'fr');different;fr_fr2_f_005;fr_fr4_r_008;23.28331335762863
('a', 'a~');('fr', 'fr');different;fr_fr2_f_005;fr_fr5_f_007;23.25152673375712
('a', 'a~');('fr', 'fr');different;fr_fr2_f_005;fr_fr5_r_008;23.486772022681617
('a', 'a~');('fr', 'fr');different;fr_fr2_f_005;fr_fr6_f_007;23.348057057644144
('a', 'a~');('fr', 'fr');different;fr_fr2_f_005;fr_fr6_r_008;23.188239834869734
('a', 'a~');('fr', 'fr');different;fr_fr2_f_005;fr_fr7_f_007;23.453090483384525
('a', 'a~');('fr', 'fr');different;fr_fr2_f_005;fr_fr7_r_008;23.21446013722719
('a', 'a~');('fr', 'fr');different;fr_fr2_r_006;fr_fr1_f_007;23.188674357164604
('a', 'a~');('fr', 'fr');different;fr_fr2_r_006;fr_fr1_r_008;23.298697274778355
('a', 'a~');('fr', 'fr');different;fr_fr2_r_006;fr_fr3_f_007;23.158588344090127
('a', 'a~');('fr', 'fr');different;fr_fr2_r_006;fr_fr3_r_008;23.093473919069737
('a', 'a~');('fr', 'fr');different;fr_fr2_r_006;fr_fr4_f_007;23.25467904240053
('a', 'a~');('fr', 'fr');different;fr_fr2_r_006;fr_fr4_r_008;23.307137819765952
('a', 'a~');('fr', 'fr');different;fr_fr2_r_006;fr_fr5_f_007;23.36579156766428
('a', 'a~');('fr', 'fr');different;fr_fr2_r_006;fr_fr5_r_008;23.289592230243343
('a', 'a~');('fr', 'fr');different;fr_fr2_r_006;fr_fr6_f_007;23.22336857803621
('a', 'a~');('fr', 'fr');different;fr_fr2_r_006;fr_fr6_r_008;23.00329028490604
('a', 'a~');('fr', 'fr');different;fr_fr2_r_006;fr_fr7_f_007;23.163690623448417
('a', 'a~');('fr', 'fr');different;fr_fr2_r_006;fr_fr7_r_008;23.12944588318796
('a', 'a~');('fr', 'fr');different;fr_fr3_f_005;fr_fr1_f_007;23.190872237201894
('a', 'a~');('fr', 'fr');different;fr_fr3_f_005;fr_fr1_r_008;23.248868121434704
('a', 'a~');('fr', 'fr');different;fr_fr3_f_005;fr_fr2_f_007;23.43908371757554
('a', 'a~');('fr', 'fr');different;fr_fr3_f_005;fr_fr2_r_008;23.177269461628725
('a', 'a~');('fr', 'fr');different;fr_fr3_f_005;fr_fr4_f_007;23.195549932371577
('a', 'a~');('fr', 'fr');different;fr_fr3_f_005;fr_fr4_r_008;23.13421295060044
('a', 'a~');('fr', 'fr');different;fr_fr3_f_005;fr_fr5_f_007;23.09320646847998
('a', 'a~');('fr', 'fr');different;fr_fr3_f_005;fr_fr5_r_008;23.37468123338724
('a', 'a~');('fr', 'fr');different;fr_fr3_f_005;fr_fr6_f_007;23.053249658788395
('a', 'a~');('fr', 'fr');different;fr_fr3_f_005;fr_fr6_r_008;23.23509892953696
('a', 'a~');('fr', 'fr');different;fr_fr3_f_005;fr_fr7_f_007;23.195052996780166
('a', 'a~');('fr', 'fr');different;fr_fr3_f_005;fr_fr7_r_008;23.09258915251544
('a', 'a~');('fr', 'fr');different;fr_fr3_r_006;fr_fr1_f_007;23.51539318333447
('a', 'a~');('fr', 'fr');different;fr_fr3_r_006;fr_fr1_r_008;23.48787186837409
('a', 'a~');('fr', 'fr');different;fr_fr3_r_006;fr_fr2_f_007;23.656765268765145
('a', 'a~');('fr', 'fr');different;fr_fr3_r_006;fr_fr2_r_008;23.544304787472967
('a', 'a~');('fr', 'fr');different;fr_fr3_r_006;fr_fr4_f_007;23.53151567783776
('a', 'a~');('fr', 'fr');different;fr_fr3_r_006;fr_fr4_r_008;23.254269117030727
('a', 'a~');('fr', 'fr');different;fr_fr3_r_006;fr_fr5_f_007;23.63515768433185
('a', 'a~');('fr', 'fr');different;fr_fr3_r_006;fr_fr5_r_008;23.50540416612241
('a', 'a~');('fr', 'fr');different;fr_fr3_r_006;fr_fr6_f_007;23.415333799644344
('a', 'a~');('fr', 'fr');different;fr_fr3_r_006;fr_fr6_r_008;23.3455355805512
('a', 'a~');('fr', 'fr');different;fr_fr3_r_006;fr_fr7_f_007;23.422161356451813
('a', 'a~');('fr', 'fr');different;fr_fr3_r_006;fr_fr7_r_008;23.334307891739662
('a', 'a~');('fr', 'fr');different;fr_fr4_f_005;fr_fr1_f_007;23.301050639676177
('a', 'a~');('fr', 'fr');different;fr_fr4_f_005;fr_fr1_r_008;23.381998579736887
('a', 'a~');('fr', 'fr');different;fr_fr4_f_005;fr_fr2_f_007;23.449952713236076
('a', 'a~');('fr', 'fr');different;fr_fr4_f_005;fr_fr2_r_008;23.06664989391834
('a', 'a~');('fr', 'fr');different;fr_fr4_f_005;fr_fr3_f_007;23.276305792916013
('a', 'a~');('fr', 'fr');different;fr_fr4_f_005;fr_fr3_r_008;23.16054271979004
('a', 'a~');('fr', 'fr');different;fr_fr4_f_005;fr_fr5_f_007;23.274644491047265
('a', 'a~');('fr', 'fr');different;fr_fr4_f_005;fr_fr5_r_008;23.37867343121664
('a', 'a~');('fr', 'fr');different;fr_fr4_f_005;fr_fr6_f_007;23.25585805697727
('a', 'a~');('fr', 'fr');different;fr_fr4_f_005;fr_fr6_r_008;23.195961398554147
('a', 'a~');('fr', 'fr');different;fr_fr4_f_005;fr_fr7_f_007;23.320096792490222
('a', 'a~');('fr', 'fr');different;fr_fr4_f_005;fr_fr7_r_008;23.25272089717134
('a', 'a~');('fr', 'fr');different;fr_fr4_r_006;fr_fr1_f_007;23.26078121095611
('a', 'a~');('fr', 'fr');different;fr_fr4_r_006;fr_fr1_r_008;23.374122753789468
('a', 'a~');('fr', 'fr');different;fr_fr4_r_006;fr_fr2_f_007;23.41472516230233
('a', 'a~');('fr', 'fr');different;fr_fr4_r_006;fr_fr2_r_008;23.217081230183155
('a', 'a~');('fr', 'fr');different;fr_fr4_r_006;fr_fr3_f_007;23.29976262105016
('a', 'a~');('fr', 'fr');different;fr_fr4_r_006;fr_fr3_r_008;23.154648258899456
('a', 'a~');('fr', 'fr');different;fr_fr4_r_006;fr_fr5_f_007;23.405823069452964
('a', 'a~');('fr', 'fr');different;fr_fr4_r_006;fr_fr5_r_008;23.33127319890747
('a', 'a~');('fr', 'fr');different;fr_fr4_r_006;fr_fr6_f_007;23.179032487791723
('a', 'a~');('fr', 'fr');different;fr_fr4_r_006;fr_fr6_r_008;23.25566472892852
('a', 'a~');('fr', 'fr');different;fr_fr4_r_006;fr_fr7_f_007;23.381999308380838
('a', 'a~');('fr', 'fr');different;fr_fr4_r_006;fr_fr7_r_008;23.22139876324416
('a', 'a~');('fr', 'fr');different;fr_fr5_f_005;fr_fr1_f_007;23.064962854787524
('a', 'a~');('fr', 'fr');different;fr_fr5_f_005;fr_fr1_r_008;23.10492697206758
('a', 'a~');('fr', 'fr');different;fr_fr5_f_005;fr_fr2_f_007;23.162986722320653
('a', 'a~');('fr', 'fr');different;fr_fr5_f_005;fr_fr2_r_008;22.93453266278775
('a', 'a~');('fr', 'fr');different;fr_fr5_f_005;fr_fr3_f_007;22.9332916352839
('a', 'a~');('fr', 'fr');different;fr_fr5_f_005;fr_fr3_r_008;22.829169062404027
('a', 'a~');('fr', 'fr');different;fr_fr5_f_005;fr_fr4_f_007;23.07738096157586
('a', 'a~');('fr', 'fr');different;fr_fr5_f_005;fr_fr4_r_008;23.013633906574945
('a', 'a~');('fr', 'fr');different;fr_fr5_f_005;fr_fr6_f_007;22.997423714289724
('a', 'a~');('fr', 'fr');different;fr_fr5_f_005;fr_fr6_r_008;22.84701856017046
('a', 'a~');('fr', 'fr');different;fr_fr5_f_005;fr_fr7_f_007;23.00673180116153
('a', 'a~');('fr', 'fr');different;fr_fr5_f_005;fr_fr7_r_008;22.768869203987776
('a', 'a~');('fr', 'fr');different;fr_fr5_r_006;fr_fr1_f_007;23.210817824590848
('a', 'a~');('fr', 'fr');different;fr_fr5_r_006;fr_fr1_r_008;23.4333267922456
('a', 'a~');('fr', 'fr');different;fr_fr5_r_006;fr_fr2_f_007;23.445530079309147
('a', 'a~');('fr', 'fr');different;fr_fr5_r_006;fr_fr2_r_008;23.348708326636256
('a', 'a~');('fr', 'fr');different;fr_fr5_r_006;fr_fr3_f_007;23.38431118554285
('a', 'a~');('fr', 'fr');different;fr_fr5_r_006;fr_fr3_r_008;23.28336068247654
('a', 'a~');('fr', 'fr');different;fr_fr5_r_006;fr_fr4_f_007;23.21068022904556
('a', 'a~');('fr', 'fr');different;fr_fr5_r_006;fr_fr4_r_008;23.34950301076992
('a', 'a~');('fr', 'fr');different;fr_fr5_r_006;fr_fr6_f_007;23.32253230538707
('a', 'a~');('fr', 'fr');different;fr_fr5_r_006;fr_fr6_r_008;23.22944035161925
('a', 'a~');('fr', 'fr');different;fr_fr5_r_006;fr_fr7_f_007;23.228499561644924
('a', 'a~');('fr', 'fr');different;fr_fr5_r_006;fr_fr7_r_008;23.00660762578351
('a', 'a~');('fr', 'fr');different;fr_fr6_f_005;fr_fr1_f_007;23.32713504789951
('a', 'a~');('fr', 'fr');different;fr_fr6_f_005;fr_fr1_r_008;23.30866127017159
('a', 'a~');('fr', 'fr');different;fr_fr6_f_005;fr_fr2_f_007;23.420678710521457
('a', 'a~');('fr', 'fr');different;fr_fr6_f_005;fr_fr2_r_008;23.146668828381586
('a', 'a~');('fr', 'fr');different;fr_fr6_f_005;fr_fr3_f_007;23.153880459019565
('a', 'a~');('fr', 'fr');different;fr_fr6_f_005;fr_fr3_r_008;23.20572909097101
('a', 'a~');('fr', 'fr');different;fr_fr6_f_005;fr_fr4_f_007;23.231002901980517
('a', 'a~');('fr', 'fr');different;fr_fr6_f_005;fr_fr4_r_008;23.41789327085912
('a', 'a~');('fr', 'fr');different;fr_fr6_f_005;fr_fr5_f_007;23.371900297599268
('a', 'a~');('fr', 'fr');different;fr_fr6_f_005;fr_fr5_r_008;23.20691314714852
('a', 'a~');('fr', 'fr');different;fr_fr6_f_005;fr_fr7_f_007;23.2734592862633
('a', 'a~');('fr', 'fr');different;fr_fr6_f_005;fr_fr7_r_008;22.96432891207414
('a', 'a~');('fr', 'fr');different;fr_fr6_r_006;fr_fr1_f_007;23.36412898360092
('a', 'a~');('fr', 'fr');different;fr_fr6_r_006;fr_fr1_r_008;23.505032184770165
('a', 'a~');('fr', 'fr');different;fr_fr6_r_006;fr_fr2_f_007;23.465763785578563
('a', 'a~');('fr', 'fr');different;fr_fr6_r_006;fr_fr2_r_008;23.357543369001807
('a', 'a~');('fr', 'fr');different;fr_fr6_r_006;fr_fr3_f_007;23.37582412469313
('a', 'a~');('fr', 'fr');different;fr_fr6_r_006;fr_fr3_r_008;23.278021160131917
('a', 'a~');('fr', 'fr');different;fr_fr6_r_006;fr_fr4_f_007;23.2136729316012
('a', 'a~');('fr', 'fr');different;fr_fr6_r_006;fr_fr4_r_008;23.44922438185391
('a', 'a~');('fr', 'fr');different;fr_fr6_r_006;fr_fr5_f_007;23.379878131680076
('a', 'a~');('fr', 'fr');different;fr_fr6_r_006;fr_fr5_r_008;23.59519484242421
('a', 'a~');('fr', 'fr');different;fr_fr6_r_006;fr_fr7_f_007;23.26805213151466
('a', 'a~');('fr', 'fr');different;fr_fr6_r_006;fr_fr7_r_008;23.165173187198825
('a', 'a~');('fr', 'fr');different;fr_fr7_f_005;fr_fr1_f_007;23.097333408864667
('a', 'a~');('fr', 'fr');different;fr_fr7_f_005;fr_fr1_r_008;23.38397516448184
('a', 'a~');('fr', 'fr');different;fr_fr7_f_005;fr_fr2_f_007;23.346264551848577
('a', 'a~');('fr', 'fr');different;fr_fr7_f_005;fr_fr2_r_008;23.0954132893464
('a', 'a~');('fr', 'fr');different;fr_fr7_f_005;fr_fr3_f_007;23.270467472088384
('a', 'a~');('fr', 'fr');different;fr_fr7_f_005;fr_fr3_r_008;23.082887727563826
('a', 'a~');('fr', 'fr');different;fr_fr7_f_005;fr_fr4_f_007;23.02422120525909
('a', 'a~');('fr', 'fr');different;fr_fr7_f_005;fr_fr4_r_008;23.229801352567076
('a', 'a~');('fr', 'fr');different;fr_fr7_f_005;fr_fr5_f_007;23.0977882061818
('a', 'a~');('fr', 'fr');different;fr_fr7_f_005;fr_fr5_r_008;23.329924457792156
('a', 'a~');('fr', 'fr');different;fr_fr7_f_005;fr_fr6_f_007;23.224754443137307
('a', 'a~');('fr', 'fr');different;fr_fr7_f_005;fr_fr6_r_008;23.01750014769587
('a', 'a~');('fr', 'fr');different;fr_fr7_r_006;fr_fr1_f_007;23.39187920725018
('a', 'a~');('fr', 'fr');different;fr_fr7_r_006;fr_fr1_r_008;23.435396730551005
('a', 'a~');('fr', 'fr');different;fr_fr7_r_006;fr_fr2_f_007;23.47844156711943
('a', 'a~');('fr', 'fr');different;fr_fr7_r_006;fr_fr2_r_008;23.26327386004278
('a', 'a~');('fr', 'fr');different;fr_fr7_r_006;fr_fr3_f_007;23.327330926046603
('a', 'a~');('fr', 'fr');different;fr_fr7_r_006;fr_fr3_r_008;23.23684789504354
('a', 'a~');('fr', 'fr');different;fr_fr7_r_006;fr_fr4_f_007;23.339968012461448
('a', 'a~');('fr', 'fr');different;fr_fr7_r_006;fr_fr4_r_008;23.34236213251401
('a', 'a~');('fr', 'fr');different;fr_fr7_r_006;fr_fr5_f_007;23.481098280896937
('a', 'a~');('fr', 'fr');different;fr_fr7_r_006;fr_fr5_r_008;23.441419352273968
('a', 'a~');('fr', 'fr');different;fr_fr7_r_006;fr_fr6_f_007;23.2750389439165
('a', 'a~');('fr', 'fr');different;fr_fr7_r_006;fr_fr6_r_008;23.096926368532944
('a:', 'a');('jp', 'jp');same;jp_jp1_f_001;jp_jp2_f_001;23.305707697973965
('a:', 'a');('jp', 'jp');same;jp_jp1_f_001;jp_jp2_r_002;23.303590919536568
('a:', 'a');('jp', 'jp');same;jp_jp1_f_001;jp_jp3_f_001;23.387204435797337
('a:', 'a');('jp', 'jp');same;jp_jp1_f_001;jp_jp3_r_002;23.35309691038786
('a:', 'a');('jp', 'jp');same;jp_jp1_r_002;jp_jp2_f_001;23.401652988590858
('a:', 'a');('jp', 'jp');same;jp_jp1_r_002;jp_jp2_r_002;23.415361943407127
('a:', 'a');('jp', 'jp');same;jp_jp1_r_002;jp_jp3_f_001;23.32874513123436
('a:', 'a');('jp', 'jp');same;jp_jp1_r_002;jp_jp3_r_002;23.512309940342146
('a:', 'a');('jp', 'jp');same;jp_jp2_f_001;jp_jp3_f_001;23.4643761062339
('a:', 'a');('jp', 'jp');same;jp_jp2_f_001;jp_jp3_r_002;23.55097466468948
('a:', 'a');('jp', 'jp');same;jp_jp2_r_002;jp_jp3_f_001;23.562592536770044
('a:', 'a');('jp', 'jp');same;jp_jp2_r_002;jp_jp3_r_002;23.54527960302635
('a:', 'a');('jp', 'jp');different;jp_jp2_f_007;jp_jp1_f_001;23.25200651898503
('a:', 'a');('jp', 'jp');different;jp_jp2_f_007;jp_jp1_r_002;23.348966697792108
('a:', 'a');('jp', 'jp');different;jp_jp2_f_007;jp_jp3_f_001;23.3855128238808
('a:', 'a');('jp', 'jp');different;jp_jp2_f_007;jp_jp3_r_002;23.5720087845944
('a:', 'a');('jp', 'jp');different;jp_jp2_r_008;jp_jp1_f_001;23.19532169529867
('a:', 'a');('jp', 'jp');different;jp_jp2_r_008;jp_jp1_r_002;23.365319924870967
('a:', 'a');('jp', 'jp');different;jp_jp2_r_008;jp_jp3_f_001;23.41002128162869
('a:', 'a');('jp', 'jp');different;jp_jp2_r_008;jp_jp3_r_002;23.538015124563625
('u:', 'y:');('de', 'de');same;de_de1_f_011;de_de2_f_011;23.258002495111064
('u:', 'y:');('de', 'de');same;de_de1_f_011;de_de2_r_012;23.37739329748773
('u:', 'y:');('de', 'de');same;de_de1_f_011;de_de3_f_011;23.36967702519924
('u:', 'y:');('de', 'de');same;de_de1_f_011;de_de3_r_012;23.2298179443386
('u:', 'y:');('de', 'de');same;de_de1_f_011;de_de4_f_011;23.10793840862076
('u:', 'y:');('de', 'de');same;de_de1_f_011;de_de4_r_012;23.28490899538624
('u:', 'y:');('de', 'de');same;de_de1_f_011;de_de5_f_011;23.161929041412805
('u:', 'y:');('de', 'de');same;de_de1_f_011;de_de5_r_012;23.301919016001253
('u:', 'y:');('de', 'de');same;de_de1_f_011;de_de6_f_011;23.30594492705129
('u:', 'y:');('de', 'de');same;de_de1_f_011;de_de6_r_012;23.245649516566004
('u:', 'y:');('de', 'de');same;de_de1_f_011;de_de7_f_011;23.27411470367717
('u:', 'y:');('de', 'de');same;de_de1_f_011;de_de7_r_012;23.19554540361975
('u:', 'y:');('de', 'de');same;de_de1_r_012;de_de2_f_011;23.26687700458815
('u:', 'y:');('de', 'de');same;de_de1_r_012;de_de2_r_012;23.237731577633127
('u:', 'y:');('de', 'de');same;de_de1_r_012;de_de3_f_011;23.167925141203572
('u:', 'y:');('de', 'de');same;de_de1_r_012;de_de3_r_012;23.456451711216893
('u:', 'y:');('de', 'de');same;de_de1_r_012;de_de4_f_011;23.192858330309512
('u:', 'y:');('de', 'de');same;de_de1_r_012;de_de4_r_012;23.228841162339737
('u:', 'y:');('de', 'de');same;de_de1_r_012;de_de5_f_011;23.31897696881397
('u:', 'y:');('de', 'de');same;de_de1_r_012;de_de5_r_012;23.42301355642528
('u:', 'y:');('de', 'de');same;de_de1_r_012;de_de6_f_011;23.353568244013232
('u:', 'y:');('de', 'de');same;de_de1_r_012;de_de6_r_012;23.372892928457333
('u:', 'y:');('de', 'de');same;de_de1_r_012;de_de7_f_011;23.1387013466594
('u:', 'y:');('de', 'de');same;de_de1_r_012;de_de7_r_012;23.179612968334297
('u:', 'y:');('de', 'de');same;de_de2_f_011;de_de3_f_011;23.46778380636774
('u:', 'y:');('de', 'de');same;de_de2_f_011;de_de3_r_012;23.4750717431989
('u:', 'y:');('de', 'de');same;de_de2_f_011;de_de4_f_011;22.987056945115647
('u:', 'y:');('de', 'de');same;de_de2_f_011;de_de4_r_012;23.28361332519433
('u:', 'y:');('de', 'de');same;de_de2_f_011;de_de5_f_011;23.18459982900261
('u:', 'y:');('de', 'de');same;de_de2_f_011;de_de5_r_012;23.3429266785499
('u:', 'y:');('de', 'de');same;de_de2_f_011;de_de6_f_011;23.21542028723709
('u:', 'y:');('de', 'de');same;de_de2_f_011;de_de6_r_012;23.34204835807352
('u:', 'y:');('de', 'de');same;de_de2_f_011;de_de7_f_011;23.30939091590573
('u:', 'y:');('de', 'de');same;de_de2_f_011;de_de7_r_012;23.086713653537146
('u:', 'y:');('de', 'de');same;de_de2_r_012;de_de3_f_011;23.396965819650827
('u:', 'y:');('de', 'de');same;de_de2_r_012;de_de3_r_012;23.41914289247868
('u:', 'y:');('de', 'de');same;de_de2_r_012;de_de4_f_011;22.919714551898405
('u:', 'y:');('de', 'de');same;de_de2_r_012;de_de4_r_012;23.267140820445277
('u:', 'y:');('de', 'de');same;de_de2_r_012;de_de5_f_011;23.05277044422449
('u:', 'y:');('de', 'de');same;de_de2_r_012;de_de5_r_012;23.274475481770818
('u:', 'y:');('de', 'de');same;de_de2_r_012;de_de6_f_011;23.36821836016579
('u:', 'y:');('de', 'de');same;de_de2_r_012;de_de6_r_012;23.475107978943058
('u:', 'y:');('de', 'de');same;de_de2_r_012;de_de7_f_011;23.437041734963827
('u:', 'y:');('de', 'de');same;de_de2_r_012;de_de7_r_012;23.102321416929424
('u:', 'y:');('de', 'de');same;de_de3_f_011;de_de4_f_011;23.32055862903555
('u:', 'y:');('de', 'de');same;de_de3_f_011;de_de4_r_012;23.40326281736748
('u:', 'y:');('de', 'de');same;de_de3_f_011;de_de5_f_011;23.37826753437318
('u:', 'y:');('de', 'de');same;de_de3_f_011;de_de5_r_012;23.453491462655105
('u:', 'y:');('de', 'de');same;de_de3_f_011;de_de6_f_011;23.487238285641688
('u:', 'y:');('de', 'de');same;de_de3_f_011;de_de6_r_012;23.249230542340587
('u:', 'y:');('de', 'de');same;de_de3_f_011;de_de7_f_011;23.353825634666848
('u:', 'y:');('de', 'de');same;de_de3_f_011;de_de7_r_012;23.19346799225054
('u:', 'y:');('de', 'de');same;de_de3_r_012;de_de4_f_011;23.19203904093579
('u:', 'y:');('de', 'de');same;de_de3_r_012;de_de4_r_012;23.5018172219918
('u:', 'y:');('de', 'de');same;de_de3_r_012;de_de5_f_011;23.25406012335851
('u:', 'y:');('de', 'de');same;de_de3_r_012;de_de5_r_012;23.404713977411657
('u:', 'y:');('de', 'de');same;de_de3_r_012;de_de6_f_011;23.412511433675903
('u:', 'y:');('de', 'de');same;de_de3_r_012;de_de6_r_012;23.464057633331425
('u:', 'y:');('de', 'de');same;de_de3_r_012;de_de7_f_011;23.412438518207125
('u:', 'y:');('de', 'de');same;de_de3_r_012;de_de7_r_012;23.33581879569712
('u:', 'y:');('de', 'de');same;de_de4_f_011;de_de5_f_011;23.03394906916481
('u:', 'y:');('de', 'de');same;de_de4_f_011;de_de5_r_012;23.10498657244449
('u:', 'y:');('de', 'de');same;de_de4_f_011;de_de6_f_011;23.34217058891721
('u:', 'y:');('de', 'de');same;de_de4_f_011;de_de6_r_012;23.09811304895634
('u:', 'y:');('de', 'de');same;de_de4_f_011;de_de7_f_011;23.21955851401717
('u:', 'y:');('de', 'de');same;de_de4_f_011;de_de7_r_012;23.046808722504952
('u:', 'y:');('de', 'de');same;de_de4_r_012;de_de5_f_011;23.149093090305826
('u:', 'y:');('de', 'de');same;de_de4_r_012;de_de5_r_012;23.33552859870086
('u:', 'y:');('de', 'de');same;de_de4_r_012;de_de6_f_011;23.395828447064154
('u:', 'y:');('de', 'de');same;de_de4_r_012;de_de6_r_012;23.280369516754703
('u:', 'y:');('de', 'de');same;de_de4_r_012;de_de7_f_011;23.309104849617277
('u:', 'y:');('de', 'de');same;de_de4_r_012;de_de7_r_012;23.176346405138563
('u:', 'y:');('de', 'de');same;de_de5_f_011;de_de6_f_011;23.16455812612181
('u:', 'y:');('de', 'de');same;de_de5_f_011;de_de6_r_012;23.30908780457597
('u:', 'y:');('de', 'de');same;de_de5_f_011;de_de7_f_011;23.28451308587793
('u:', 'y:');('de', 'de');same;de_de5_f_011;de_de7_r_012;23.04762952549308
('u:', 'y:');('de', 'de');same;de_de5_r_012;de_de6_f_011;23.40237533391072
('u:', 'y:');('de', 'de');same;de_de5_r_012;de_de6_r_012;23.246455549930197
('u:', 'y:');('de', 'de');same;de_de5_r_012;de_de7_f_011;23.3798941758973
('u:', 'y:');('de', 'de');same;de_de5_r_012;de_de7_r_012;23.196143176103327
('u:', 'y:');('de', 'de');same;de_de6_f_011;de_de7_f_011;23.37182150723537
('u:', 'y:');('de', 'de');same;de_de6_f_011;de_de7_r_012;23.241086396466446
('u:', 'y:');('de', 'de');same;de_de6_r_012;de_de7_f_011;23.3260278243439
('u:', 'y:');('de', 'de');same;de_de6_r_012;de_de7_r_012;23.255193647337748
('u:', 'y:');('de', 'de');same;de_de1_f_013;de_de2_f_013;23.65540654666
('u:', 'y:');('de', 'de');same;de_de1_f_013;de_de2_r_014;23.47614173948405
('u:', 'y:');('de', 'de');same;de_de1_f_013;de_de3_f_013;23.505235979054344
('u:', 'y:');('de', 'de');same;de_de1_f_013;de_de3_r_014;23.50653310881073
('u:', 'y:');('de', 'de');same;de_de1_f_013;de_de4_f_013;23.489970443213807
('u:', 'y:');('de', 'de');same;de_de1_f_013;de_de4_r_014;23.452358597605084
('u:', 'y:');('de', 'de');same;de_de1_f_013;de_de5_f_013;23.61862137741502
('u:', 'y:');('de', 'de');same;de_de1_f_013;de_de5_r_014;23.383318488695053
('u:', 'y:');('de', 'de');same;de_de1_f_013;de_de6_f_013;23.36069530924141
('u:', 'y:');('de', 'de');same;de_de1_f_013;de_de6_r_014;23.642529214581497
('u:', 'y:');('de', 'de');same;de_de1_f_013;de_de7_f_013;23.744281129318985
('u:', 'y:');('de', 'de');same;de_de1_f_013;de_de7_r_014;23.64937253106312
('u:', 'y:');('de', 'de');same;de_de1_r_014;de_de2_f_013;23.46953530146899
('u:', 'y:');('de', 'de');same;de_de1_r_014;de_de2_r_014;23.30078634931458
('u:', 'y:');('de', 'de');same;de_de1_r_014;de_de3_f_013;23.3861188353436
('u:', 'y:');('de', 'de');same;de_de1_r_014;de_de3_r_014;23.42644233901977
('u:', 'y:');('de', 'de');same;de_de1_r_014;de_de4_f_013;23.48498754311459
('u:', 'y:');('de', 'de');same;de_de1_r_014;de_de4_r_014;23.27118850410416
('u:', 'y:');('de', 'de');same;de_de1_r_014;de_de5_f_013;23.44498500831304
('u:', 'y:');('de', 'de');same;de_de1_r_014;de_de5_r_014;23.384086792411207
('u:', 'y:');('de', 'de');same;de_de1_r_014;de_de6_f_013;23.40866823514854
('u:', 'y:');('de', 'de');same;de_de1_r_014;de_de6_r_014;23.40447050050225
('u:', 'y:');('de', 'de');same;de_de1_r_014;de_de7_f_013;23.356512884948145
('u:', 'y:');('de', 'de');same;de_de1_r_014;de_de7_r_014;23.557864930132872
('u:', 'y:');('de', 'de');same;de_de2_f_013;de_de3_f_013;23.698461126778334
('u:', 'y:');('de', 'de');same;de_de2_f_013;de_de3_r_014;23.490091812244334
('u:', 'y:');('de', 'de');same;de_de2_f_013;de_de4_f_013;23.532147732482212
('u:', 'y:');('de', 'de');same;de_de2_f_013;de_de4_r_014;23.43282960475905
('u:', 'y:');('de', 'de');same;de_de2_f_013;de_de5_f_013;23.613694200421254
('u:', 'y:');('de', 'de');same;de_de2_f_013;de_de5_r_014;23.34925912178348
('u:', 'y:');('de', 'de');same;de_de2_f_013;de_de6_f_013;23.50977270548688
('u:', 'y:');('de', 'de');same;de_de2_f_013;de_de6_r_014;23.580383330109232
('u:', 'y:');('de', 'de');same;de_de2_f_013;de_de7_f_013;23.565691559982078
('u:', 'y:');('de', 'de');same;de_de2_f_013;de_de7_r_014;23.513346548097864
('u:', 'y:');('de', 'de');same;de_de2_r_014;de_de3_f_013;23.194245652665494
('u:', 'y:');('de', 'de');same;de_de2_r_014;de_de3_r_014;23.39061703932972
('u:', 'y:');('de', 'de');same;de_de2_r_014;de_de4_f_013;23.439411832430626
('u:', 'y:');('de', 'de');same;de_de2_r_014;de_de4_r_014;23.29280603688412
('u:', 'y:');('de', 'de');same;de_de2_r_014;de_de5_f_013;23.43452676054482
('u:', 'y:');('de', 'de');same;de_de2_r_014;de_de5_r_014;23.170061771969277
('u:', 'y:');('de', 'de');same;de_de2_r_014;de_de6_f_013;23.36760598798351
('u:', 'y:');('de', 'de');same;de_de2_r_014;de_de6_r_014;23.42189369862896
('u:', 'y:');('de', 'de');same;de_de2_r_014;de_de7_f_013;23.37548333104465
('u:', 'y:');('de', 'de');same;de_de2_r_014;de_de7_r_014;23.488587031963657
('u:', 'y:');('de', 'de');same;de_de3_f_013;de_de4_f_013;23.22136746335512
('u:', 'y:');('de', 'de');same;de_de3_f_013;de_de4_r_014;23.345784114483116
('u:', 'y:');('de', 'de');same;de_de3_f_013;de_de5_f_013;23.571947468679923
('u:', 'y:');('de', 'de');same;de_de3_f_013;de_de5_r_014;23.331174080729262
('u:', 'y:');('de', 'de');same;de_de3_f_013;de_de6_f_013;23.297292748827267
('u:', 'y:');('de', 'de');same;de_de3_f_013;de_de6_r_014;23.461083992748915
('u:', 'y:');('de', 'de');same;de_de3_f_013;de_de7_f_013;23.41439972478716
('u:', 'y:');('de', 'de');same;de_de3_f_013;de_de7_r_014;23.57641272818732
('u:', 'y:');('de', 'de');same;de_de3_r_014;de_de4_f_013;23.646164930355848
('u:', 'y:');('de', 'de');same;de_de3_r_014;de_de4_r_014;23.321764255013356
('u:', 'y:');('de', 'de');same;de_de3_r_014;de_de5_f_013;23.67753563251865
('u:', 'y:');('de', 'de');same;de_de3_r_014;de_de5_r_014;23.40005668608785
('u:', 'y:');('de', 'de');same;de_de3_r_014;de_de6_f_013;23.399081601817077
('u:', 'y:');('de', 'de');same;de_de3_r_014;de_de6_r_014;23.682192761806597
('u:', 'y:');('de', 'de');same;de_de3_r_014;de_de7_f_013;23.608534995573294
('u:', 'y:');('de', 'de');same;de_de3_r_014;de_de7_r_014;23.46256918109701
('u:', 'y:');('de', 'de');same;de_de4_f_013;de_de5_f_013;23.50582715511031
('u:', 'y:');('de', 'de');same;de_de4_f_013;de_de5_r_014;23.41948195764772
('u:', 'y:');('de', 'de');same;de_de4_f_013;de_de6_f_013;23.497210886471866
('u:', 'y:');('de', 'de');same;de_de4_f_013;de_de6_r_014;23.58263764092892
('u:', 'y:');('de', 'de');same;de_de4_f_013;de_de7_f_013;23.57278629774543
('u:', 'y:');('de', 'de');same;de_de4_f_013;de_de7_r_014;23.595106206173508
('u:', 'y:');('de', 'de');same;de_de4_r_014;de_de5_f_013;23.56075875697153
('u:', 'y:');('de', 'de');same;de_de4_r_014;de_de5_r_014;23.42719123884276
('u:', 'y:');('de', 'de');same;de_de4_r_014;de_de6_f_013;23.35809962664886
('u:', 'y:');('de', 'de');same;de_de4_r_014;de_de6_r_014;23.487066991290163
('u:', 'y:');('de', 'de');same;de_de4_r_014;de_de7_f_013;23.38170621569924
('u:', 'y:');('de', 'de');same;de_de4_r_014;de_de7_r_014;23.476878999520736
('u:', 'y:');('de', 'de');same;de_de5_f_013;de_de6_f_013;23.50623061610159
('u:', 'y:');('de', 'de');same;de_de5_f_013;de_de6_r_014;23.71408267958204
('u:', 'y:');('de', 'de');same;de_de5_f_013;de_de7_f_013;23.554217224986875
('u:', 'y:');('de', 'de');same;de_de5_f_013;de_de7_r_014;23.643792498192425
('u:', 'y:');('de', 'de');same;de_de5_r_014;de_de6_f_013;23.401292444862225
('u:', 'y:');('de', 'de');same;de_de5_r_014;de_de6_r_014;23.451273487190203
('u:', 'y:');('de', 'de');same;de_de5_r_014;de_de7_f_013;23.43936716837868
('u:', 'y:');('de', 'de');same;de_de5_r_014;de_de7_r_014;23.432482023578523
('u:', 'y:');('de', 'de');same;de_de6_f_013;de_de7_f_013;23.443210685994977
('u:', 'y:');('de', 'de');same;de_de6_f_013;de_de7_r_014;23.45702010676141
('u:', 'y:');('de', 'de');same;de_de6_r_014;de_de7_f_013;23.66608365494637
('u:', 'y:');('de', 'de');same;de_de6_r_014;de_de7_r_014;23.545590562475343
('u:', 'y:');('de', 'de');different;de_de1_f_011;de_de2_f_013;23.371334907717312
('u:', 'y:');('de', 'de');different;de_de1_f_011;de_de2_r_014;23.06084374319202
('u:', 'y:');('de', 'de');different;de_de1_f_011;de_de3_f_013;23.27716885496215
('u:', 'y:');('de', 'de');different;de_de1_f_011;de_de3_r_014;23.354238380235405
('u:', 'y:');('de', 'de');different;de_de1_f_011;de_de4_f_013;23.3865199342911
('u:', 'y:');('de', 'de');different;de_de1_f_011;de_de4_r_014;23.177129301875805
('u:', 'y:');('de', 'de');different;de_de1_f_011;de_de5_f_013;23.448134731497987
('u:', 'y:');('de', 'de');different;de_de1_f_011;de_de5_r_014;23.278524272237824
('u:', 'y:');('de', 'de');different;de_de1_f_011;de_de6_f_013;23.37416310648141
('u:', 'y:');('de', 'de');different;de_de1_f_011;de_de6_r_014;23.47130844047841
('u:', 'y:');('de', 'de');different;de_de1_f_011;de_de7_f_013;23.41589313031876
('u:', 'y:');('de', 'de');different;de_de1_f_011;de_de7_r_014;23.26035444695551
('u:', 'y:');('de', 'de');different;de_de1_r_012;de_de2_f_013;23.46604251600094
('u:', 'y:');('de', 'de');different;de_de1_r_012;de_de2_r_014;23.255992260092825
('u:', 'y:');('de', 'de');different;de_de1_r_012;de_de3_f_013;23.304689423006703
('u:', 'y:');('de', 'de');different;de_de1_r_012;de_de3_r_014;23.275338087768954
('u:', 'y:');('de', 'de');different;de_de1_r_012;de_de4_f_013;23.28107195690447
('u:', 'y:');('de', 'de');different;de_de1_r_012;de_de4_r_014;23.39417985254134
('u:', 'y:');('de', 'de');different;de_de1_r_012;de_de5_f_013;23.513560630081617
('u:', 'y:');('de', 'de');different;de_de1_r_012;de_de5_r_014;23.34963223949966
('u:', 'y:');('de', 'de');different;de_de1_r_012;de_de6_f_013;23.41432308238343
('u:', 'y:');('de', 'de');different;de_de1_r_012;de_de6_r_014;23.57868789843494
('u:', 'y:');('de', 'de');different;de_de1_r_012;de_de7_f_013;23.409270599357104
('u:', 'y:');('de', 'de');different;de_de1_r_012;de_de7_r_014;23.454411497433554
('u:', 'y:');('de', 'de');different;de_de2_f_011;de_de1_f_013;23.47274283380141
('u:', 'y:');('de', 'de');different;de_de2_f_011;de_de1_r_014;23.37362582050749
('u:', 'y:');('de', 'de');different;de_de2_f_011;de_de3_f_013;23.276909062216905
('u:', 'y:');('de', 'de');different;de_de2_f_011;de_de3_r_014;23.29478542024541
('u:', 'y:');('de', 'de');different;de_de2_f_011;de_de4_f_013;23.303335557949264
('u:', 'y:');('de', 'de');different;de_de2_f_011;de_de4_r_014;23.357994103082984
('u:', 'y:');('de', 'de');different;de_de2_f_011;de_de5_f_013;23.527799687734497
('u:', 'y:');('de', 'de');different;de_de2_f_011;de_de5_r_014;23.3886558757444
('u:', 'y:');('de', 'de');different;de_de2_f_011;de_de6_f_013;23.323408675196504
('u:', 'y:');('de', 'de');different;de_de2_f_011;de_de6_r_014;23.554104594188946
('u:', 'y:');('de', 'de');different;de_de2_f_011;de_de7_f_013;23.45364537848154
('u:', 'y:');('de', 'de');different;de_de2_f_011;de_de7_r_014;23.384410529724818
('u:', 'y:');('de', 'de');different;de_de2_r_012;de_de1_f_013;23.408620587750928
('u:', 'y:');('de', 'de');different;de_de2_r_012;de_de1_r_014;23.273693699118365
('u:', 'y:');('de', 'de');different;de_de2_r_012;de_de3_f_013;23.41804826937112
('u:', 'y:');('de', 'de');different;de_de2_r_012;de_de3_r_014;23.37003575613998
('u:', 'y:');('de', 'de');different;de_de2_r_012;de_de4_f_013;23.36718183556246
('u:', 'y:');('de', 'de');different;de_de2_r_012;de_de4_r_014;23.1606746618004
('u:', 'y:');('de', 'de');different;de_de2_r_012;de_de5_f_013;23.51746262751026
('u:', 'y:');('de', 'de');different;de_de2_r_012;de_de5_r_014;23.23268937237573
('u:', 'y:');('de', 'de');different;de_de2_r_012;de_de6_f_013;23.32257241456273
('u:', 'y:');('de', 'de');different;de_de2_r_012;de_de6_r_014;23.519925144791188
('u:', 'y:');('de', 'de');different;de_de2_r_012;de_de7_f_013;23.401136012095638
('u:', 'y:');('de', 'de');different;de_de2_r_012;de_de7_r_014;23.44946178553842
('u:', 'y:');('de', 'de');different;de_de3_f_011;de_de1_f_013;23.56293338192483
('u:', 'y:');('de', 'de');different;de_de3_f_011;de_de1_r_014;23.37200632797209
('u:', 'y:');('de', 'de');different;de_de3_f_011;de_de2_f_013;23.544651626354625
('u:', 'y:');('de', 'de');different;de_de3_f_011;de_de2_r_014;23.352493215981557
('u:', 'y:');('de', 'de');different;de_de3_f_011;de_de4_f_013;23.35056070940263
('u:', 'y:');('de', 'de');different;de_de3_f_011;de_de4_r_014;23.44018750805228
('u:', 'y:');('de', 'de');different;de_de3_f_011;de_de5_f_013;23.64166831031107
('u:', 'y:');('de', 'de');different;de_de3_f_011;de_de5_r_014;23.45284018959717
('u:', 'y:');('de', 'de');different;de_de3_f_011;de_de6_f_013;23.52903239615314
('u:', 'y:');('de', 'de');different;de_de3_f_011;de_de6_r_014;23.55751920328997
('u:', 'y:');('de', 'de');different;de_de3_f_011;de_de7_f_013;23.52483895954614
('u:', 'y:');('de', 'de');different;de_de3_f_011;de_de7_r_014;23.446718323738043
('u:', 'y:');('de', 'de');different;de_de3_r_012;de_de1_f_013;23.58887388766768
('u:', 'y:');('de', 'de');different;de_de3_r_012;de_de1_r_014;23.443666381845247
('u:', 'y:');('de', 'de');different;de_de3_r_012;de_de2_f_013;23.654138743728986
('u:', 'y:');('de', 'de');different;de_de3_r_012;de_de2_r_014;23.307605685219624
('u:', 'y:');('de', 'de');different;de_de3_r_012;de_de4_f_013;23.374431447199512
('u:', 'y:');('de', 'de');different;de_de3_r_012;de_de4_r_014;23.411928051325862
('u:', 'y:');('de', 'de');different;de_de3_r_012;de_de5_f_013;23.61257854637222
('u:', 'y:');('de', 'de');different;de_de3_r_012;de_de5_r_014;23.382574745559506
('u:', 'y:');('de', 'de');different;de_de3_r_012;de_de6_f_013;23.415204341163875
('u:', 'y:');('de', 'de');different;de_de3_r_012;de_de6_r_014;23.638335435931133
('u:', 'y:');('de', 'de');different;de_de3_r_012;de_de7_f_013;23.508268418297256
('u:', 'y:');('de', 'de');different;de_de3_r_012;de_de7_r_014;23.655497603006346
('u:', 'y:');('de', 'de');different;de_de4_f_011;de_de1_f_013;23.327871437745145
('u:', 'y:');('de', 'de');different;de_de4_f_011;de_de1_r_014;23.087911265165783
('u:', 'y:');('de', 'de');different;de_de4_f_011;de_de2_f_013;23.353048476582376
('u:', 'y:');('de', 'de');different;de_de4_f_011;de_de2_r_014;23.01643182140748
('u:', 'y:');('de', 'de');different;de_de4_f_011;de_de3_f_013;23.164004611519147
('u:', 'y:');('de', 'de');different;de_de4_f_011;de_de3_r_014;23.126111634505243
('u:', 'y:');('de', 'de');different;de_de4_f_011;de_de5_f_013;23.44549167036604
('u:', 'y:');('de', 'de');different;de_de4_f_011;de_de5_r_014;23.246467976558257
('u:', 'y:');('de', 'de');different;de_de4_f_011;de_de6_f_013;23.2028365102624
('u:', 'y:');('de', 'de');different;de_de4_f_011;de_de6_r_014;23.30415586959779
('u:', 'y:');('de', 'de');different;de_de4_f_011;de_de7_f_013;23.31407746035952
('u:', 'y:');('de', 'de');different;de_de4_f_011;de_de7_r_014;23.308287635548652
('u:', 'y:');('de', 'de');different;de_de4_r_012;de_de1_f_013;23.456985888285324
('u:', 'y:');('de', 'de');different;de_de4_r_012;de_de1_r_014;23.37950133465005
('u:', 'y:');('de', 'de');different;de_de4_r_012;de_de2_f_013;23.46580181662061
('u:', 'y:');('de', 'de');different;de_de4_r_012;de_de2_r_014;23.23388345515898
('u:', 'y:');('de', 'de');different;de_de4_r_012;de_de3_f_013;23.363397997629797
('u:', 'y:');('de', 'de');different;de_de4_r_012;de_de3_r_014;23.39849083755384
('u:', 'y:');('de', 'de');different;de_de4_r_012;de_de5_f_013;23.595262244874363
('u:', 'y:');('de', 'de');different;de_de4_r_012;de_de5_r_014;23.28730910289849
('u:', 'y:');('de', 'de');different;de_de4_r_012;de_de6_f_013;23.33860010409788
('u:', 'y:');('de', 'de');different;de_de4_r_012;de_de6_r_014;23.43084855802217
('u:', 'y:');('de', 'de');different;de_de4_r_012;de_de7_f_013;23.33061800331268
('u:', 'y:');('de', 'de');different;de_de4_r_012;de_de7_r_014;23.49451394249808
('u:', 'y:');('de', 'de');different;de_de5_f_011;de_de1_f_013;23.39771480464668
('u:', 'y:');('de', 'de');different;de_de5_f_011;de_de1_r_014;23.19720717245128
('u:', 'y:');('de', 'de');different;de_de5_f_011;de_de2_f_013;23.39014030812279
('u:', 'y:');('de', 'de');different;de_de5_f_011;de_de2_r_014;23.159231427061595
('u:', 'y:');('de', 'de');different;de_de5_f_011;de_de3_f_013;23.175999491217816
('u:', 'y:');('de', 'de');different;de_de5_f_011;de_de3_r_014;23.27826807511133
('u:', 'y:');('de', 'de');different;de_de5_f_011;de_de4_f_013;23.16366784506709
('u:', 'y:');('de', 'de');different;de_de5_f_011;de_de4_r_014;23.217503202980232
('u:', 'y:');('de', 'de');different;de_de5_f_011;de_de6_f_013;23.261803523774606
('u:', 'y:');('de', 'de');different;de_de5_f_011;de_de6_r_014;23.37451807863941
('u:', 'y:');('de', 'de');different;de_de5_f_011;de_de7_f_013;23.44773230029861
('u:', 'y:');('de', 'de');different;de_de5_f_011;de_de7_r_014;23.41061667255012
('u:', 'y:');('de', 'de');different;de_de5_r_012;de_de1_f_013;23.425161028877813
('u:', 'y:');('de', 'de');different;de_de5_r_012;de_de1_r_014;23.279250571631447
('u:', 'y:');('de', 'de');different;de_de5_r_012;de_de2_f_013;23.531601720850983
('u:', 'y:');('de', 'de');different;de_de5_r_012;de_de2_r_014;23.32826244274444
('u:', 'y:');('de', 'de');different;de_de5_r_012;de_de3_f_013;23.28035925710698
('u:', 'y:');('de', 'de');different;de_de5_r_012;de_de3_r_014;23.4097762111483
('u:', 'y:');('de', 'de');different;de_de5_r_012;de_de4_f_013;23.400718793403215
('u:', 'y:');('de', 'de');different;de_de5_r_012;de_de4_r_014;23.42590212648324
('u:', 'y:');('de', 'de');different;de_de5_r_012;de_de6_f_013;23.468223549129736
('u:', 'y:');('de', 'de');different;de_de5_r_012;de_de6_r_014;23.67826167395608
('u:', 'y:');('de', 'de');different;de_de5_r_012;de_de7_f_013;23.535205533473945
('u:', 'y:');('de', 'de');different;de_de5_r_012;de_de7_r_014;23.564069568150067
('u:', 'y:');('de', 'de');different;de_de6_f_011;de_de1_f_013;23.64994979164648
('u:', 'y:');('de', 'de');different;de_de6_f_011;de_de1_r_014;23.295051283486117
('u:', 'y:');('de', 'de');different;de_de6_f_011;de_de2_f_013;23.420991291929976
('u:', 'y:');('de', 'de');different;de_de6_f_011;de_de2_r_014;23.217333791833468
('u:', 'y:');('de', 'de');different;de_de6_f_011;de_de3_f_013;23.472387275698644
('u:', 'y:');('de', 'de');different;de_de6_f_011;de_de3_r_014;23.34610042618113
('u:', 'y:');('de', 'de');different;de_de6_f_011;de_de4_f_013;23.34018132902422
('u:', 'y:');('de', 'de');different;de_de6_f_011;de_de4_r_014;23.428082820334087
('u:', 'y:');('de', 'de');different;de_de6_f_011;de_de5_f_013;23.40926289285931
('u:', 'y:');('de', 'de');different;de_de6_f_011;de_de5_r_014;23.28412455822008
('u:', 'y:');('de', 'de');different;de_de6_f_011;de_de7_f_013;23.349378802211422
('u:', 'y:');('de', 'de');different;de_de6_f_011;de_de7_r_014;23.572206637668284
('u:', 'y:');('de', 'de');different;de_de6_r_012;de_de1_f_013;23.54441574597181
('u:', 'y:');('de', 'de');different;de_de6_r_012;de_de1_r_014;23.183986104851108
('u:', 'y:');('de', 'de');different;de_de6_r_012;de_de2_f_013;23.52041061563233
('u:', 'y:');('de', 'de');different;de_de6_r_012;de_de2_r_014;23.324357480461757
('u:', 'y:');('de', 'de');different;de_de6_r_012;de_de3_f_013;23.518219322964548
('u:', 'y:');('de', 'de');different;de_de6_r_012;de_de3_r_014;23.28482462043125
('u:', 'y:');('de', 'de');different;de_de6_r_012;de_de4_f_013;23.387442465991807
('u:', 'y:');('de', 'de');different;de_de6_r_012;de_de4_r_014;23.38812344049194
('u:', 'y:');('de', 'de');different;de_de6_r_012;de_de5_f_013;23.6802675433851
('u:', 'y:');('de', 'de');different;de_de6_r_012;de_de5_r_014;23.39303893557577
('u:', 'y:');('de', 'de');different;de_de6_r_012;de_de7_f_013;23.434821023637166
('u:', 'y:');('de', 'de');different;de_de6_r_012;de_de7_r_014;23.488383966106607
('u:', 'y:');('de', 'de');different;de_de7_f_011;de_de1_f_013;23.55932937187183
('u:', 'y:');('de', 'de');different;de_de7_f_011;de_de1_r_014;23.136035797147944
('u:', 'y:');('de', 'de');different;de_de7_f_011;de_de2_f_013;23.46171345829965
('u:', 'y:');('de', 'de');different;de_de7_f_011;de_de2_r_014;23.188540996313773
('u:', 'y:');('de', 'de');different;de_de7_f_011;de_de3_f_013;23.32952850661408
('u:', 'y:');('de', 'de');different;de_de7_f_011;de_de3_r_014;23.49077273463921
('u:', 'y:');('de', 'de');different;de_de7_f_011;de_de4_f_013;23.359425589705697
('u:', 'y:');('de', 'de');different;de_de7_f_011;de_de4_r_014;23.2419309605556
('u:', 'y:');('de', 'de');different;de_de7_f_011;de_de5_f_013;23.627786254393857
('u:', 'y:');('de', 'de');different;de_de7_f_011;de_de5_r_014;23.415390655951743
('u:', 'y:');('de', 'de');different;de_de7_f_011;de_de6_f_013;23.41407337883097
('u:', 'y:');('de', 'de');different;de_de7_f_011;de_de6_r_014;23.46750143206196
('u:', 'y:');('de', 'de');different;de_de7_r_012;de_de1_f_013;23.32806974223917
('u:', 'y:');('de', 'de');different;de_de7_r_012;de_de1_r_014;23.068293329816903
('u:', 'y:');('de', 'de');different;de_de7_r_012;de_de2_f_013;23.459178736808223
('u:', 'y:');('de', 'de');different;de_de7_r_012;de_de2_r_014;23.10949351274065
('u:', 'y:');('de', 'de');different;de_de7_r_012;de_de3_f_013;23.2131402724723
('u:', 'y:');('de', 'de');different;de_de7_r_012;de_de3_r_014;23.29175257538441
('u:', 'y:');('de', 'de');different;de_de7_r_012;de_de4_f_013;23.269700720827107
('u:', 'y:');('de', 'de');different;de_de7_r_012;de_de4_r_014;23.2179399713889
('u:', 'y:');('de', 'de');different;de_de7_r_012;de_de5_f_013;23.45294847248788
('u:', 'y:');('de', 'de');different;de_de7_r_012;de_de5_r_014;23.16127272642295
('u:', 'y:');('de', 'de');different;de_de7_r_012;de_de6_f_013;23.304652951564865
('u:', 'y:');('de', 'de');different;de_de7_r_012;de_de6_r_014;23.428413735203407
